date;time;F__100500_cut.csv__Column_1_52
01.12.2017;00:15;19,55285
01.12.2017;00:30;19,53986
01.12.2017;00:45;19,55135
01.12.2017;01:00;19,49837
01.12.2017;01:15;19,50644
01.12.2017;01:30;19,56382
01.12.2017;01:45;19,45214
01.12.2017;02:00;19,45426
01.12.2017;02:15;19,48468
01.12.2017;02:30;19,42965
01.12.2017;02:45;19,34598
01.12.2017;03:00;19,34098
01.12.2017;03:15;19,42454
01.12.2017;03:30;19,38618
01.12.2017;03:45;19,38403
01.12.2017;04:00;19,34961
01.12.2017;04:15;19,31296
01.12.2017;04:30;20,12089
01.12.2017;04:45;20,38385
01.12.2017;05:00;22,30871
01.12.2017;05:15;23,86939
01.12.2017;05:30;24,9944
01.12.2017;05:45;25,06247
01.12.2017;06:00;26,16518
01.12.2017;06:15;27,61384
01.12.2017;06:30;29,49487
01.12.2017;06:45;34,08617
01.12.2017;07:00;44,36442
01.12.2017;07:15;66,09787
01.12.2017;07:30;68,2326
01.12.2017;07:45;69,18106
01.12.2017;08:00;73,77634
01.12.2017;08:15;74,27843
01.12.2017;08:30;77,69513
01.12.2017;08:45;79,65379
01.12.2017;09:00;80,57252
01.12.2017;09:15;80,28995
01.12.2017;09:30;80,58165
01.12.2017;09:45;80,74989
01.12.2017;10:00;81,31422
01.12.2017;10:15;82,32665
01.12.2017;10:30;83,8072
01.12.2017;10:45;84,20863
01.12.2017;11:00;83,48781
01.12.2017;11:15;81,16964
01.12.2017;11:30;81,12706
01.12.2017;11:45;78,73917
01.12.2017;12:00;78,22116
01.12.2017;12:15;76,34381
01.12.2017;12:30;76,84749
01.12.2017;12:45;76,1488
01.12.2017;13:00;74,21975
01.12.2017;13:15;73,20236
01.12.2017;13:30;69,8008
01.12.2017;13:45;70,60886
01.12.2017;14:00;69,10292
01.12.2017;14:15;68,95773
01.12.2017;14:30;68,38405
01.12.2017;14:45;67,59822
01.12.2017;15:00;65,25307
01.12.2017;15:15;63,77883
01.12.2017;15:30;58,32692
01.12.2017;15:45;49,94426
01.12.2017;16:00;50,15784
01.12.2017;16:15;40,65457
01.12.2017;16:30;38,31114
01.12.2017;16:45;37,70496
01.12.2017;17:00;37,117
01.12.2017;17:15;34,83405
01.12.2017;17:30;31,46503
01.12.2017;17:45;28,9971
01.12.2017;18:00;27,07669
01.12.2017;18:15;26,58511
01.12.2017;18:30;24,82702
01.12.2017;18:45;23,15832
01.12.2017;19:00;21,71166
01.12.2017;19:15;20,17688
01.12.2017;19:30;20,22949
01.12.2017;19:45;20,23099
01.12.2017;20:00;20,06398
01.12.2017;20:15;20,08428
01.12.2017;20:30;19,888
01.12.2017;20:45;19,99327
01.12.2017;21:00;20,05582
01.12.2017;21:15;20,15687
01.12.2017;21:30;20,27808
01.12.2017;21:45;20,59948
01.12.2017;22:00;20,24134
01.12.2017;22:15;20,43267
01.12.2017;22:30;20,19827
01.12.2017;22:45;20,40311
01.12.2017;23:00;20,3747
01.12.2017;23:15;20,35744
01.12.2017;23:30;20,58278
01.12.2017;23:45;20,29725
02.12.2017;00:00;20,17187
02.12.2017;00:15;20,23207
02.12.2017;00:30;20,32406
02.12.2017;00:45;20,19442
02.12.2017;01:00;20,07488
02.12.2017;01:15;20,12629
02.12.2017;01:30;20,19753
02.12.2017;01:45;20,53206
02.12.2017;02:00;20,28541
02.12.2017;02:15;20,25908
02.12.2017;02:30;19,93443
02.12.2017;02:45;19,83381
02.12.2017;03:00;20,01767
02.12.2017;03:15;20,14236
02.12.2017;03:30;20,17138
02.12.2017;03:45;19,94784
02.12.2017;04:00;20,01098
02.12.2017;04:15;20,20039
02.12.2017;04:30;20,38276
02.12.2017;04:45;20,37536
02.12.2017;05:00;20,95701
02.12.2017;05:15;21,57443
02.12.2017;05:30;20,75821
02.12.2017;05:45;20,51145
02.12.2017;06:00;19,82047
02.12.2017;06:15;21,49181
02.12.2017;06:30;21,24728
02.12.2017;06:45;21,13253
02.12.2017;07:00;21,36177
02.12.2017;07:15;19,79681
02.12.2017;07:30;20,6004
02.12.2017;07:45;21,60461
02.12.2017;08:00;22,64373
02.12.2017;08:15;22,60321
02.12.2017;08:30;17,90613
02.12.2017;08:45;16,25576
02.12.2017;09:00;16,29693
02.12.2017;09:15;15,38981
02.12.2017;09:30;15,89476
02.12.2017;09:45;15,43571
02.12.2017;10:00;15,1211
02.12.2017;10:15;15,90315
02.12.2017;10:30;15,71119
02.12.2017;10:45;15,59637
02.12.2017;11:00;15,24554
02.12.2017;11:15;15,1485
02.12.2017;11:30;15,6674
02.12.2017;11:45;15,39158
02.12.2017;12:00;15,85569
02.12.2017;12:15;15,46932
02.12.2017;12:30;15,90474
02.12.2017;12:45;16,41068
02.12.2017;13:00;16,72848
02.12.2017;13:15;16,5021
02.12.2017;13:30;15,63132
02.12.2017;13:45;15,60551
02.12.2017;14:00;15,81997
02.12.2017;14:15;16,02036
02.12.2017;14:30;14,89985
02.12.2017;14:45;15,39337
02.12.2017;15:00;14,95874
02.12.2017;15:15;16,50213
02.12.2017;15:30;16,14371
02.12.2017;15:45;17,51683
02.12.2017;16:00;15,65548
02.12.2017;16:15;15,01709
02.12.2017;16:30;16,3147
02.12.2017;16:45;16,78504
02.12.2017;17:00;19,48875
02.12.2017;17:15;19,7153
02.12.2017;17:30;20,15716
02.12.2017;17:45;20,90878
02.12.2017;18:00;20,17814
02.12.2017;18:15;19,93175
02.12.2017;18:30;19,20122
02.12.2017;18:45;19,07502
02.12.2017;19:00;19,04015
02.12.2017;19:15;19,26297
02.12.2017;19:30;19,19755
02.12.2017;19:45;18,97216
02.12.2017;20:00;19,17744
02.12.2017;20:15;19,88001
02.12.2017;20:30;19,77495
02.12.2017;20:45;19,80174
02.12.2017;21:00;19,72571
02.12.2017;21:15;19,7094
02.12.2017;21:30;20,3474
02.12.2017;21:45;20,60417
02.12.2017;22:00;20,49101
02.12.2017;22:15;20,22134
02.12.2017;22:30;19,97192
02.12.2017;22:45;20,28184
02.12.2017;23:00;20,19008
02.12.2017;23:15;20,02659
02.12.2017;23:30;20,04326
02.12.2017;23:45;19,98258
03.12.2017;00:00;20,25405
03.12.2017;00:15;20,16981
03.12.2017;00:30;20,07903
03.12.2017;00:45;19,90254
03.12.2017;01:00;19,96558
03.12.2017;01:15;20,0732
03.12.2017;01:30;20,3444
03.12.2017;01:45;20,19926
03.12.2017;02:00;19,97953
03.12.2017;02:15;20,1329
03.12.2017;02:30;19,93308
03.12.2017;02:45;20,1459
03.12.2017;03:00;20,14954
03.12.2017;03:15;20,12367
03.12.2017;03:30;20,0096
03.12.2017;03:45;20,11352
03.12.2017;04:00;20,08876
03.12.2017;04:15;19,85225
03.12.2017;04:30;19,96344
03.12.2017;04:45;20,63742
03.12.2017;05:00;20,65477
03.12.2017;05:15;20,4162
03.12.2017;05:30;19,76567
03.12.2017;05:45;20,81322
03.12.2017;06:00;20,66701
03.12.2017;06:15;20,83514
03.12.2017;06:30;20,5864
03.12.2017;06:45;20,67146
03.12.2017;07:00;20,31147
03.12.2017;07:15;20,76929
03.12.2017;07:30;20,48308
03.12.2017;07:45;20,4375
03.12.2017;08:00;21,04759
03.12.2017;08:15;19,50441
03.12.2017;08:30;17,86442
03.12.2017;08:45;16,16134
03.12.2017;09:00;15,63159
03.12.2017;09:15;14,76492
03.12.2017;09:30;16,75913
03.12.2017;09:45;16,1579
03.12.2017;10:00;15,01865
03.12.2017;10:15;14,95531
03.12.2017;10:30;14,19775
03.12.2017;10:45;15,45129
03.12.2017;11:00;15,49786
03.12.2017;11:15;15,37289
03.12.2017;11:30;15,69373
03.12.2017;11:45;14,96903
03.12.2017;12:00;15,35665
03.12.2017;12:15;15,81981
03.12.2017;12:30;18,15052
03.12.2017;12:45;15,64231
03.12.2017;13:00;15,49219
03.12.2017;13:15;15,85161
03.12.2017;13:30;16,77106
03.12.2017;13:45;16,69436
03.12.2017;14:00;16,47111
03.12.2017;14:15;15,13642
03.12.2017;14:30;14,71193
03.12.2017;14:45;14,78206
03.12.2017;15:00;14,4999
03.12.2017;15:15;15,63616
03.12.2017;15:30;13,66902
03.12.2017;15:45;16,94174
03.12.2017;16:00;16,0463
03.12.2017;16:15;14,80252
03.12.2017;16:30;14,76087
03.12.2017;16:45;16,34029
03.12.2017;17:00;18,19742
03.12.2017;17:15;18,82696
03.12.2017;17:30;19,83223
03.12.2017;17:45;19,98895
03.12.2017;18:00;19,80422
03.12.2017;18:15;19,70829
03.12.2017;18:30;19,25238
03.12.2017;18:45;19,08333
03.12.2017;19:00;18,86724
03.12.2017;19:15;18,98066
03.12.2017;19:30;18,9401
03.12.2017;19:45;19,0984
03.12.2017;20:00;19,49795
03.12.2017;20:15;18,57308
03.12.2017;20:30;18,78103
03.12.2017;20:45;19,05844
03.12.2017;21:00;19,41851
03.12.2017;21:15;19,61421
03.12.2017;21:30;19,64902
03.12.2017;21:45;19,90985
03.12.2017;22:00;19,8177
03.12.2017;22:15;19,92018
03.12.2017;22:30;19,79465
03.12.2017;22:45;19,72269
03.12.2017;23:00;19,6467
03.12.2017;23:15;20,0658
03.12.2017;23:30;20,16621
03.12.2017;23:45;20,19489
04.12.2017;00:00;20,21511
04.12.2017;00:15;20,21811
04.12.2017;00:30;20,26649
04.12.2017;00:45;20,22281
04.12.2017;01:00;20,24388
04.12.2017;01:15;20,2506
04.12.2017;01:30;20,28495
04.12.2017;01:45;20,27311
04.12.2017;02:00;20,21082
04.12.2017;02:15;20,56418
04.12.2017;02:30;20,19832
04.12.2017;02:45;20,00709
04.12.2017;03:00;20,00494
04.12.2017;03:15;20,20929
04.12.2017;03:30;20,25382
04.12.2017;03:45;20,12217
04.12.2017;04:00;20,07536
04.12.2017;04:15;20,18661
04.12.2017;04:30;20,88058
04.12.2017;04:45;22,03824
04.12.2017;05:00;23,66014
04.12.2017;05:15;25,2596
04.12.2017;05:30;25,97912
04.12.2017;05:45;25,49109
04.12.2017;06:00;26,54121
04.12.2017;06:15;28,61653
04.12.2017;06:30;30,49683
04.12.2017;06:45;34,68378
04.12.2017;07:00;45,41055
04.12.2017;07:15;64,20071
04.12.2017;07:30;64,83768
04.12.2017;07:45;67,69381
04.12.2017;08:00;71,33393
04.12.2017;08:15;73,85584
04.12.2017;08:30;78,32782
04.12.2017;08:45;79,46373
04.12.2017;09:00;80,60099
04.12.2017;09:15;79,7285
04.12.2017;09:30;80,16812
04.12.2017;09:45;80,38196
04.12.2017;10:00;80,09618
04.12.2017;10:15;81,60913
04.12.2017;10:30;83,72649
04.12.2017;10:45;84,28246
04.12.2017;11:00;83,08407
04.12.2017;11:15;81,15584
04.12.2017;11:30;80,61574
04.12.2017;11:45;78,64199
04.12.2017;12:00;77,50814
04.12.2017;12:15;75,57919
04.12.2017;12:30;75,42555
04.12.2017;12:45;75,65733
04.12.2017;13:00;73,2255
04.12.2017;13:15;72,78049
04.12.2017;13:30;69,71403
04.12.2017;13:45;69,79636
04.12.2017;14:00;68,64828
04.12.2017;14:15;68,69185
04.12.2017;14:30;67,27477
04.12.2017;14:45;66,52391
04.12.2017;15:00;63,87354
04.12.2017;15:15;62,43637
04.12.2017;15:30;57,36145
04.12.2017;15:45;50,80182
04.12.2017;16:00;50,43854
04.12.2017;16:15;39,28319
04.12.2017;16:30;38,44586
04.12.2017;16:45;37,25121
04.12.2017;17:00;36,50231
04.12.2017;17:15;34,43752
04.12.2017;17:30;31,78108
04.12.2017;17:45;28,69883
04.12.2017;18:00;26,64724
04.12.2017;18:15;25,94075
04.12.2017;18:30;24,37679
04.12.2017;18:45;23,14899
04.12.2017;19:00;21,83806
04.12.2017;19:15;20,43483
04.12.2017;19:30;20,03423
04.12.2017;19:45;20,01569
04.12.2017;20:00;20,3261
04.12.2017;20:15;19,90877
04.12.2017;20:30;19,72187
04.12.2017;20:45;20,13029
04.12.2017;21:00;20,1705
04.12.2017;21:15;20,34581
04.12.2017;21:30;20,50746
04.12.2017;21:45;20,34893
04.12.2017;22:00;20,48959
04.12.2017;22:15;20,47484
04.12.2017;22:30;20,04437
04.12.2017;22:45;20,1396
04.12.2017;23:00;20,1645
04.12.2017;23:15;20,36581
04.12.2017;23:30;20,47973
04.12.2017;23:45;20,27686
05.12.2017;00:00;20,22086
05.12.2017;00:15;20,39311
05.12.2017;00:30;20,41478
05.12.2017;00:45;20,38932
05.12.2017;01:00;20,27532
05.12.2017;01:15;20,26116
05.12.2017;01:30;20,29529
05.12.2017;01:45;20,27311
05.12.2017;02:00;20,21082
05.12.2017;02:15;20,56418
05.12.2017;02:30;20,19832
05.12.2017;02:45;20,00709
05.12.2017;03:00;20,00494
05.12.2017;03:15;20,20929
05.12.2017;03:30;20,25382
05.12.2017;03:45;20,12217
05.12.2017;04:00;20,07536
05.12.2017;04:15;20,18661
05.12.2017;04:30;20,88058
05.12.2017;04:45;22,03824
05.12.2017;05:00;23,66014
05.12.2017;05:15;25,2596
05.12.2017;05:30;25,97912
05.12.2017;05:45;25,49109
05.12.2017;06:00;26,54121
05.12.2017;06:15;28,61653
05.12.2017;06:30;30,49683
05.12.2017;06:45;34,68378
05.12.2017;07:00;45,41055
05.12.2017;07:15;64,20071
05.12.2017;07:30;64,83768
05.12.2017;07:45;67,69381
05.12.2017;08:00;71,33393
05.12.2017;08:15;73,85584
05.12.2017;08:30;78,32782
05.12.2017;08:45;79,46373
05.12.2017;09:00;80,60099
05.12.2017;09:15;79,7285
05.12.2017;09:30;80,16812
05.12.2017;09:45;80,38196
05.12.2017;10:00;80,09618
05.12.2017;10:15;81,60913
05.12.2017;10:30;83,72649
05.12.2017;10:45;84,28246
05.12.2017;11:00;83,08407
05.12.2017;11:15;81,15584
05.12.2017;11:30;80,61574
05.12.2017;11:45;78,64199
05.12.2017;12:00;77,50814
05.12.2017;12:15;75,57919
05.12.2017;12:30;75,42555
05.12.2017;12:45;75,65733
05.12.2017;13:00;73,2255
05.12.2017;13:15;72,78049
05.12.2017;13:30;69,71403
05.12.2017;13:45;69,79636
05.12.2017;14:00;68,64828
05.12.2017;14:15;68,69185
05.12.2017;14:30;67,27477
05.12.2017;14:45;66,52391
05.12.2017;15:00;63,87354
05.12.2017;15:15;62,43637
05.12.2017;15:30;57,36145
05.12.2017;15:45;50,80182
05.12.2017;16:00;50,43854
05.12.2017;16:15;39,28319
05.12.2017;16:30;38,44586
05.12.2017;16:45;37,25121
05.12.2017;17:00;36,50231
05.12.2017;17:15;34,43752
05.12.2017;17:30;31,78108
05.12.2017;17:45;28,69883
05.12.2017;18:00;26,64724
05.12.2017;18:15;25,94075
05.12.2017;18:30;24,37679
05.12.2017;18:45;23,14899
05.12.2017;19:00;21,83806
05.12.2017;19:15;20,43483
05.12.2017;19:30;20,03423
05.12.2017;19:45;20,01569
05.12.2017;20:00;20,3261
05.12.2017;20:15;19,90877
05.12.2017;20:30;19,72187
05.12.2017;20:45;20,13029
05.12.2017;21:00;20,1705
05.12.2017;21:15;20,34581
05.12.2017;21:30;20,50746
05.12.2017;21:45;20,34893
05.12.2017;22:00;20,48959
05.12.2017;22:15;20,47484
05.12.2017;22:30;20,04437
05.12.2017;22:45;20,1396
05.12.2017;23:00;20,1645
05.12.2017;23:15;20,36581
05.12.2017;23:30;20,47973
05.12.2017;23:45;20,27686
06.12.2017;00:00;20,22086
06.12.2017;00:15;20,39311
06.12.2017;00:30;20,41478
06.12.2017;00:45;20,38932
06.12.2017;01:00;20,27532
06.12.2017;01:15;20,26116
06.12.2017;01:30;20,29529
06.12.2017;01:45;20,27311
06.12.2017;02:00;20,21082
06.12.2017;02:15;20,56418
06.12.2017;02:30;20,19832
06.12.2017;02:45;20,00709
06.12.2017;03:00;20,00494
06.12.2017;03:15;20,20929
06.12.2017;03:30;20,25382
06.12.2017;03:45;20,12217
06.12.2017;04:00;20,07536
06.12.2017;04:15;20,18661
06.12.2017;04:30;20,88058
06.12.2017;04:45;22,03824
06.12.2017;05:00;23,66014
06.12.2017;05:15;25,2596
06.12.2017;05:30;25,97912
06.12.2017;05:45;25,49109
06.12.2017;06:00;26,54121
06.12.2017;06:15;28,61653
06.12.2017;06:30;30,49683
06.12.2017;06:45;34,68378
06.12.2017;07:00;45,41055
06.12.2017;07:15;64,20071
06.12.2017;07:30;64,83768
06.12.2017;07:45;67,69381
06.12.2017;08:00;71,33393
06.12.2017;08:15;73,85584
06.12.2017;08:30;78,32782
06.12.2017;08:45;79,46373
06.12.2017;09:00;80,60099
06.12.2017;09:15;79,7285
06.12.2017;09:30;80,16812
06.12.2017;09:45;80,38196
06.12.2017;10:00;80,09618
06.12.2017;10:15;81,60913
06.12.2017;10:30;83,72649
06.12.2017;10:45;84,28246
06.12.2017;11:00;83,08407
06.12.2017;11:15;81,15584
06.12.2017;11:30;80,61574
06.12.2017;11:45;78,64199
06.12.2017;12:00;77,50814
06.12.2017;12:15;75,57919
06.12.2017;12:30;75,42555
06.12.2017;12:45;75,65733
06.12.2017;13:00;73,2255
06.12.2017;13:15;72,78049
06.12.2017;13:30;69,71403
06.12.2017;13:45;69,79636
06.12.2017;14:00;68,64828
06.12.2017;14:15;68,69185
06.12.2017;14:30;67,27477
06.12.2017;14:45;66,52391
06.12.2017;15:00;63,87354
06.12.2017;15:15;62,43637
06.12.2017;15:30;57,36145
06.12.2017;15:45;50,80182
06.12.2017;16:00;50,43854
06.12.2017;16:15;39,28319
06.12.2017;16:30;38,44586
06.12.2017;16:45;37,25121
06.12.2017;17:00;36,50231
06.12.2017;17:15;34,43752
06.12.2017;17:30;31,78108
06.12.2017;17:45;28,69883
06.12.2017;18:00;26,64724
06.12.2017;18:15;25,94075
06.12.2017;18:30;24,37679
06.12.2017;18:45;23,14899
06.12.2017;19:00;21,83806
06.12.2017;19:15;20,43483
06.12.2017;19:30;20,03423
06.12.2017;19:45;20,01569
06.12.2017;20:00;20,3261
06.12.2017;20:15;19,90877
06.12.2017;20:30;19,72187
06.12.2017;20:45;20,13029
06.12.2017;21:00;20,1705
06.12.2017;21:15;20,34581
06.12.2017;21:30;20,50746
06.12.2017;21:45;20,34893
06.12.2017;22:00;20,48959
06.12.2017;22:15;20,47484
06.12.2017;22:30;20,04437
06.12.2017;22:45;20,1396
06.12.2017;23:00;20,1645
06.12.2017;23:15;20,36581
06.12.2017;23:30;20,47973
06.12.2017;23:45;20,27686
07.12.2017;00:00;20,22086
07.12.2017;00:15;20,39311
07.12.2017;00:30;20,41478
07.12.2017;00:45;20,38932
07.12.2017;01:00;20,27532
07.12.2017;01:15;20,26116
07.12.2017;01:30;20,29529
07.12.2017;01:45;20,27311
07.12.2017;02:00;20,21082
07.12.2017;02:15;20,56418
07.12.2017;02:30;20,19832
07.12.2017;02:45;20,00709
07.12.2017;03:00;20,00494
07.12.2017;03:15;20,20929
07.12.2017;03:30;20,25382
07.12.2017;03:45;20,12217
07.12.2017;04:00;20,07536
07.12.2017;04:15;20,18661
07.12.2017;04:30;20,88058
07.12.2017;04:45;22,03824
07.12.2017;05:00;23,66014
07.12.2017;05:15;25,2596
07.12.2017;05:30;25,97912
07.12.2017;05:45;25,49109
07.12.2017;06:00;26,54121
07.12.2017;06:15;28,61653
07.12.2017;06:30;30,49683
07.12.2017;06:45;34,68378
07.12.2017;07:00;45,41055
07.12.2017;07:15;64,20071
07.12.2017;07:30;64,83768
07.12.2017;07:45;67,69381
07.12.2017;08:00;71,33393
07.12.2017;08:15;73,85584
07.12.2017;08:30;78,32782
07.12.2017;08:45;79,46373
07.12.2017;09:00;80,60099
07.12.2017;09:15;79,7285
07.12.2017;09:30;80,16812
07.12.2017;09:45;80,38196
07.12.2017;10:00;80,09618
07.12.2017;10:15;81,60913
07.12.2017;10:30;83,72649
07.12.2017;10:45;84,28246
07.12.2017;11:00;83,08407
07.12.2017;11:15;81,15584
07.12.2017;11:30;80,61574
07.12.2017;11:45;78,64199
07.12.2017;12:00;77,50814
07.12.2017;12:15;75,57919
07.12.2017;12:30;75,42555
07.12.2017;12:45;75,65733
07.12.2017;13:00;73,2255
07.12.2017;13:15;72,78049
07.12.2017;13:30;69,71403
07.12.2017;13:45;69,79636
07.12.2017;14:00;68,64828
07.12.2017;14:15;68,69185
07.12.2017;14:30;67,27477
07.12.2017;14:45;66,52391
07.12.2017;15:00;63,87354
07.12.2017;15:15;62,43637
07.12.2017;15:30;57,36145
07.12.2017;15:45;50,80182
07.12.2017;16:00;50,43854
07.12.2017;16:15;39,28319
07.12.2017;16:30;38,44586
07.12.2017;16:45;37,25121
07.12.2017;17:00;36,50231
07.12.2017;17:15;34,43752
07.12.2017;17:30;31,78108
07.12.2017;17:45;28,69883
07.12.2017;18:00;26,64724
07.12.2017;18:15;25,94075
07.12.2017;18:30;24,37679
07.12.2017;18:45;23,14899
07.12.2017;19:00;21,83806
07.12.2017;19:15;20,43483
07.12.2017;19:30;20,03423
07.12.2017;19:45;20,01569
07.12.2017;20:00;20,3261
07.12.2017;20:15;19,90877
07.12.2017;20:30;19,72187
07.12.2017;20:45;20,13029
07.12.2017;21:00;20,1705
07.12.2017;21:15;20,34581
07.12.2017;21:30;20,50746
07.12.2017;21:45;20,34893
07.12.2017;22:00;20,48959
07.12.2017;22:15;20,47484
07.12.2017;22:30;20,04437
07.12.2017;22:45;20,1396
07.12.2017;23:00;20,1645
07.12.2017;23:15;20,36581
07.12.2017;23:30;20,47973
07.12.2017;23:45;20,27686
08.12.2017;00:00;20,22086
08.12.2017;00:15;20,34127
08.12.2017;00:30;20,31076
08.12.2017;00:45;20,09628
08.12.2017;01:00;19,89749
08.12.2017;01:15;19,83303
08.12.2017;01:30;20,08939
08.12.2017;01:45;20,27073
08.12.2017;02:00;20,23506
08.12.2017;02:15;20,13785
08.12.2017;02:30;19,90809
08.12.2017;02:45;19,99882
08.12.2017;03:00;20,08726
08.12.2017;03:15;20,11725
08.12.2017;03:30;20,02728
08.12.2017;03:45;20,15212
08.12.2017;04:00;20,39931
08.12.2017;04:15;20,36256
08.12.2017;04:30;20,78885
08.12.2017;04:45;21,78886
08.12.2017;05:00;22,69166
08.12.2017;05:15;23,31236
08.12.2017;05:30;23,58893
08.12.2017;05:45;25,73935
08.12.2017;06:00;32,12615
08.12.2017;06:15;31,32974
08.12.2017;06:30;30,50049
08.12.2017;06:45;34,0423
08.12.2017;07:00;43,867
08.12.2017;07:15;53,29246
08.12.2017;07:30;59,54225
08.12.2017;07:45;64,31541
08.12.2017;08:00;64,95273
08.12.2017;08:15;71,66293
08.12.2017;08:30;72,47198
08.12.2017;08:45;77,31673
08.12.2017;09:00;77,00755
08.12.2017;09:15;80,16456
08.12.2017;09:30;80,81616
08.12.2017;09:45;82,04185
08.12.2017;10:00;81,13065
08.12.2017;10:15;82,9786
08.12.2017;10:30;82,43086
08.12.2017;10:45;82,12771
08.12.2017;11:00;79,28335
08.12.2017;11:15;76,66593
08.12.2017;11:30;75,56354
08.12.2017;11:45;73,9645
08.12.2017;12:00;73,89837
08.12.2017;12:15;73,92228
08.12.2017;12:30;76,20422
08.12.2017;12:45;74,01356
08.12.2017;13:00;72,55409
08.12.2017;13:15;71,08813
08.12.2017;13:30;68,95675
08.12.2017;13:45;67,4938
08.12.2017;14:00;66,30942
08.12.2017;14:15;65,44343
08.12.2017;14:30;64,93779
08.12.2017;14:45;64,19964
08.12.2017;15:00;62,42722
08.12.2017;15:15;62,79544
08.12.2017;15:30;56,36583
08.12.2017;15:45;53,33685
08.12.2017;16:00;44,43402
08.12.2017;16:15;41,86063
08.12.2017;16:30;36,30311
08.12.2017;16:45;38,00748
08.12.2017;17:00;36,18245
08.12.2017;17:15;35,35555
08.12.2017;17:30;31,71651
08.12.2017;17:45;29,5263
08.12.2017;18:00;26,54161
08.12.2017;18:15;24,59019
08.12.2017;18:30;22,06914
08.12.2017;18:45;20,05474
08.12.2017;19:00;20,07862
08.12.2017;19:15;19,35437
08.12.2017;19:30;20,22537
08.12.2017;19:45;19,26684
08.12.2017;20:00;19,57943
08.12.2017;20:15;20,19755
08.12.2017;20:30;20,28121
08.12.2017;20:45;20,30054
08.12.2017;21:00;20,23473
08.12.2017;21:15;20,12915
08.12.2017;21:30;20,13971
08.12.2017;21:45;20,53348
08.12.2017;22:00;20,42189
08.12.2017;22:15;20,1946
08.12.2017;22:30;19,85788
08.12.2017;22:45;20,15423
08.12.2017;23:00;20,23128
08.12.2017;23:15;20,37785
08.12.2017;23:30;20,24678
08.12.2017;23:45;19,88327
09.12.2017;00:00;20,25754
09.12.2017;00:15;20,18551
09.12.2017;00:30;20,35973
09.12.2017;00:45;20,19442
09.12.2017;01:00;20,07488
09.12.2017;01:15;20,12629
09.12.2017;01:30;20,19753
09.12.2017;01:45;20,53206
09.12.2017;02:00;20,28541
09.12.2017;02:15;20,25908
09.12.2017;02:30;19,93443
09.12.2017;02:45;19,83381
09.12.2017;03:00;20,01767
09.12.2017;03:15;20,14236
09.12.2017;03:30;20,17138
09.12.2017;03:45;19,94784
09.12.2017;04:00;20,01098
09.12.2017;04:15;20,20039
09.12.2017;04:30;20,38276
09.12.2017;04:45;20,37536
09.12.2017;05:00;20,95701
09.12.2017;05:15;21,57443
09.12.2017;05:30;20,75821
09.12.2017;05:45;20,51145
09.12.2017;06:00;19,82047
09.12.2017;06:15;21,49181
09.12.2017;06:30;21,24728
09.12.2017;06:45;21,13253
09.12.2017;07:00;21,36177
09.12.2017;07:15;19,79681
09.12.2017;07:30;20,6004
09.12.2017;07:45;21,60461
09.12.2017;08:00;22,64373
09.12.2017;08:15;22,60321
09.12.2017;08:30;17,90613
09.12.2017;08:45;16,25576
09.12.2017;09:00;16,29693
09.12.2017;09:15;15,38981
09.12.2017;09:30;15,89476
09.12.2017;09:45;15,43571
09.12.2017;10:00;15,1211
09.12.2017;10:15;15,90315
09.12.2017;10:30;15,71119
09.12.2017;10:45;15,59637
09.12.2017;11:00;15,24554
09.12.2017;11:15;15,1485
09.12.2017;11:30;15,6674
09.12.2017;11:45;15,39158
09.12.2017;12:00;15,85569
09.12.2017;12:15;15,46932
09.12.2017;12:30;15,90474
09.12.2017;12:45;16,41068
09.12.2017;13:00;16,72848
09.12.2017;13:15;16,5021
09.12.2017;13:30;15,63132
09.12.2017;13:45;15,60551
09.12.2017;14:00;15,81997
09.12.2017;14:15;16,02036
09.12.2017;14:30;14,89985
09.12.2017;14:45;15,39337
09.12.2017;15:00;14,95874
09.12.2017;15:15;16,50213
09.12.2017;15:30;16,14371
09.12.2017;15:45;17,51683
09.12.2017;16:00;15,65548
09.12.2017;16:15;15,01709
09.12.2017;16:30;16,3147
09.12.2017;16:45;16,78504
09.12.2017;17:00;19,48875
09.12.2017;17:15;19,7153
09.12.2017;17:30;20,15716
09.12.2017;17:45;20,90878
09.12.2017;18:00;20,17814
09.12.2017;18:15;19,93175
09.12.2017;18:30;19,20122
09.12.2017;18:45;19,07502
09.12.2017;19:00;19,04015
09.12.2017;19:15;19,26297
09.12.2017;19:30;19,19755
09.12.2017;19:45;18,97216
09.12.2017;20:00;19,17744
09.12.2017;20:15;19,88001
09.12.2017;20:30;19,77495
09.12.2017;20:45;19,80174
09.12.2017;21:00;19,72571
09.12.2017;21:15;19,7094
09.12.2017;21:30;20,3474
09.12.2017;21:45;20,60417
09.12.2017;22:00;20,49101
09.12.2017;22:15;20,22134
09.12.2017;22:30;19,97192
09.12.2017;22:45;20,28184
09.12.2017;23:00;20,19008
09.12.2017;23:15;20,02659
09.12.2017;23:30;20,04326
09.12.2017;23:45;19,98258
10.12.2017;00:00;20,25405
10.12.2017;00:15;20,16981
10.12.2017;00:30;20,07903
10.12.2017;00:45;19,90254
10.12.2017;01:00;19,96558
10.12.2017;01:15;20,0732
10.12.2017;01:30;20,3444
10.12.2017;01:45;20,19926
10.12.2017;02:00;19,97953
10.12.2017;02:15;20,1329
10.12.2017;02:30;19,93308
10.12.2017;02:45;20,1459
10.12.2017;03:00;20,14954
10.12.2017;03:15;20,12367
10.12.2017;03:30;20,0096
10.12.2017;03:45;20,11352
10.12.2017;04:00;20,08876
10.12.2017;04:15;19,85225
10.12.2017;04:30;19,96344
10.12.2017;04:45;20,63742
10.12.2017;05:00;20,65477
10.12.2017;05:15;20,4162
10.12.2017;05:30;19,76567
10.12.2017;05:45;20,81322
10.12.2017;06:00;20,66701
10.12.2017;06:15;20,83514
10.12.2017;06:30;20,5864
10.12.2017;06:45;20,67146
10.12.2017;07:00;20,31147
10.12.2017;07:15;20,76929
10.12.2017;07:30;20,48308
10.12.2017;07:45;20,4375
10.12.2017;08:00;21,04759
10.12.2017;08:15;19,50441
10.12.2017;08:30;17,86442
10.12.2017;08:45;16,16134
10.12.2017;09:00;15,63159
10.12.2017;09:15;14,76492
10.12.2017;09:30;16,75913
10.12.2017;09:45;16,1579
10.12.2017;10:00;15,01865
10.12.2017;10:15;14,95531
10.12.2017;10:30;14,19775
10.12.2017;10:45;15,45129
10.12.2017;11:00;15,49786
10.12.2017;11:15;15,37289
10.12.2017;11:30;15,69373
10.12.2017;11:45;14,96903
10.12.2017;12:00;15,35665
10.12.2017;12:15;15,81981
10.12.2017;12:30;18,15052
10.12.2017;12:45;15,64231
10.12.2017;13:00;15,49219
10.12.2017;13:15;15,85161
10.12.2017;13:30;16,77106
10.12.2017;13:45;16,69436
10.12.2017;14:00;16,47111
10.12.2017;14:15;15,13642
10.12.2017;14:30;14,71193
10.12.2017;14:45;14,78206
10.12.2017;15:00;14,4999
10.12.2017;15:15;15,63616
10.12.2017;15:30;13,66902
10.12.2017;15:45;16,94174
10.12.2017;16:00;16,0463
10.12.2017;16:15;14,80252
10.12.2017;16:30;14,76087
10.12.2017;16:45;16,34029
10.12.2017;17:00;18,19742
10.12.2017;17:15;18,82696
10.12.2017;17:30;19,83223
10.12.2017;17:45;19,98895
10.12.2017;18:00;19,80422
10.12.2017;18:15;19,70829
10.12.2017;18:30;19,25238
10.12.2017;18:45;19,08333
10.12.2017;19:00;18,86724
10.12.2017;19:15;18,98066
10.12.2017;19:30;18,9401
10.12.2017;19:45;19,0984
10.12.2017;20:00;19,49795
10.12.2017;20:15;18,57308
10.12.2017;20:30;18,78103
10.12.2017;20:45;19,05844
10.12.2017;21:00;19,41851
10.12.2017;21:15;19,61421
10.12.2017;21:30;19,64902
10.12.2017;21:45;19,90985
10.12.2017;22:00;19,8177
10.12.2017;22:15;19,92018
10.12.2017;22:30;19,79465
10.12.2017;22:45;19,72269
10.12.2017;23:00;19,6467
10.12.2017;23:15;20,04596
10.12.2017;23:30;20,09412
10.12.2017;23:45;20,03813
11.12.2017;00:00;19,9462
11.12.2017;00:15;19,82205
11.12.2017;00:30;19,94382
11.12.2017;00:45;19,9916
11.12.2017;01:00;20,14207
11.12.2017;01:15;20,19761
11.12.2017;01:30;20,18355
11.12.2017;01:45;20,13057
11.12.2017;02:00;19,79686
11.12.2017;02:15;20,09204
11.12.2017;02:30;20,09656
11.12.2017;02:45;19,87653
11.12.2017;03:00;19,72209
11.12.2017;03:15;19,90852
11.12.2017;03:30;19,84936
11.12.2017;03:45;20,15144
11.12.2017;04:00;19,95688
11.12.2017;04:15;19,67354
11.12.2017;04:30;20,42065
11.12.2017;04:45;22,40654
11.12.2017;05:00;23,05372
11.12.2017;05:15;25,16437
11.12.2017;05:30;25,37735
11.12.2017;05:45;25,76103
11.12.2017;06:00;27,36497
11.12.2017;06:15;29,14266
11.12.2017;06:30;30,95152
11.12.2017;06:45;37,24557
11.12.2017;07:00;46,26163
11.12.2017;07:15;59,67307
11.12.2017;07:30;68,99994
11.12.2017;07:45;67,66422
11.12.2017;08:00;70,10405
11.12.2017;08:15;76,10385
11.12.2017;08:30;78,66082
11.12.2017;08:45;79,66007
11.12.2017;09:00;81,46353
11.12.2017;09:15;79,37291
11.12.2017;09:30;82,31696
11.12.2017;09:45;81,71891
11.12.2017;10:00;81,68774
11.12.2017;10:15;81,84408
11.12.2017;10:30;83,84619
11.12.2017;10:45;84,05683
11.12.2017;11:00;83,2565
11.12.2017;11:15;83,41061
11.12.2017;11:30;83,40958
11.12.2017;11:45;82,5147
11.12.2017;12:00;82,38258
11.12.2017;12:15;81,32929
11.12.2017;12:30;79,15818
11.12.2017;12:45;77,99166
11.12.2017;13:00;74,50599
11.12.2017;13:15;74,68955
11.12.2017;13:30;72,10605
11.12.2017;13:45;71,08682
11.12.2017;14:00;71,72816
11.12.2017;14:15;70,72764
11.12.2017;14:30;71,9634
11.12.2017;14:45;69,61722
11.12.2017;15:00;68,4129
11.12.2017;15:15;64,86468
11.12.2017;15:30;60,57801
11.12.2017;15:45;56,19446
11.12.2017;16:00;48,97103
11.12.2017;16:15;44,64657
11.12.2017;16:30;40,807
11.12.2017;16:45;40,44192
11.12.2017;17:00;39,2984
11.12.2017;17:15;37,02366
11.12.2017;17:30;34,31347
11.12.2017;17:45;31,11052
11.12.2017;18:00;29,61269
11.12.2017;18:15;29,14388
11.12.2017;18:30;27,68305
11.12.2017;18:45;26,86582
11.12.2017;19:00;25,42243
11.12.2017;19:15;22,7371
11.12.2017;19:30;22,71406
11.12.2017;19:45;22,8526
11.12.2017;20:00;23,16385
11.12.2017;20:15;21,10045
11.12.2017;20:30;20,95587
11.12.2017;20:45;21,40716
11.12.2017;21:00;21,1266
11.12.2017;21:15;21,00873
11.12.2017;21:30;20,68852
11.12.2017;21:45;20,60982
11.12.2017;22:00;21,06868
11.12.2017;22:15;20,7141
11.12.2017;22:30;20,53343
11.12.2017;22:45;20,5741
11.12.2017;23:00;20,70231
11.12.2017;23:15;20,74428
11.12.2017;23:30;20,67109
11.12.2017;23:45;20,322
12.12.2017;00:00;20,42665
12.12.2017;00:15;20,39182
12.12.2017;00:30;20,49455
12.12.2017;00:45;20,32039
12.12.2017;01:00;20,2961
12.12.2017;01:15;20,26958
12.12.2017;01:30;20,42457
12.12.2017;01:45;20,47983
12.12.2017;02:00;20,43135
12.12.2017;02:15;20,65492
12.12.2017;02:30;20,45394
12.12.2017;02:45;20,29054
12.12.2017;03:00;20,51144
12.12.2017;03:15;20,57358
12.12.2017;03:30;20,33527
12.12.2017;03:45;20,16704
12.12.2017;04:00;20,37186
12.12.2017;04:15;20,30678
12.12.2017;04:30;21,196
12.12.2017;04:45;22,80689
12.12.2017;05:00;25,29389
12.12.2017;05:15;26,90466
12.12.2017;05:30;26,84895
12.12.2017;05:45;27,17149
12.12.2017;06:00;27,35922
12.12.2017;06:15;30,21966
12.12.2017;06:30;31,93725
12.12.2017;06:45;35,29888
12.12.2017;07:00;41,92932
12.12.2017;07:15;57,42073
12.12.2017;07:30;65,30352
12.12.2017;07:45;66,75509
12.12.2017;08:00;68,08627
12.12.2017;08:15;75,0528
12.12.2017;08:30;77,4402
12.12.2017;08:45;80,24454
12.12.2017;09:00;80,43023
12.12.2017;09:15;81,85079
12.12.2017;09:30;83,72926
12.12.2017;09:45;84,64838
12.12.2017;10:00;86,07257
12.12.2017;10:15;85,35529
12.12.2017;10:30;85,20945
12.12.2017;10:45;84,80819
12.12.2017;11:00;83,07377
12.12.2017;11:15;81,41833
12.12.2017;11:30;81,59528
12.12.2017;11:45;81,146
12.12.2017;12:00;82,63165
12.12.2017;12:15;82,56783
12.12.2017;12:30;82,06548
12.12.2017;12:45;82,38886
12.12.2017;13:00;79,26539
12.12.2017;13:15;79,25776
12.12.2017;13:30;76,81332
12.12.2017;13:45;75,53886
12.12.2017;14:00;74,04049
12.12.2017;14:15;72,40562
12.12.2017;14:30;70,9508
12.12.2017;14:45;69,78572
12.12.2017;15:00;67,49644
12.12.2017;15:15;64,41513
12.12.2017;15:30;56,95896
12.12.2017;15:45;54,45078
12.12.2017;16:00;42,54668
12.12.2017;16:15;41,73325
12.12.2017;16:30;38,02049
12.12.2017;16:45;38,53806
12.12.2017;17:00;38,53231
12.12.2017;17:15;33,91476
12.12.2017;17:30;31,93325
12.12.2017;17:45;28,85129
12.12.2017;18:00;27,67796
12.12.2017;18:15;26,80611
12.12.2017;18:30;25,63164
12.12.2017;18:45;24,25575
12.12.2017;19:00;23,04872
12.12.2017;19:15;21,73225
12.12.2017;19:30;21,18182
12.12.2017;19:45;21,47636
12.12.2017;20:00;21,59347
12.12.2017;20:15;20,19933
12.12.2017;20:30;20,12011
12.12.2017;20:45;20,46504
12.12.2017;21:00;20,40511
12.12.2017;21:15;20,46642
12.12.2017;21:30;20,38971
12.12.2017;21:45;20,40275
12.12.2017;22:00;20,97027
12.12.2017;22:15;20,49051
12.12.2017;22:30;20,2347
12.12.2017;22:45;20,40183
12.12.2017;23:00;20,56129
12.12.2017;23:15;20,56885
12.12.2017;23:30;20,54374
12.12.2017;23:45;20,51545
13.12.2017;00:00;20,3501
13.12.2017;00:15;20,7158
13.12.2017;00:30;20,61772
13.12.2017;00:45;20,48041
13.12.2017;01:00;20,26783
13.12.2017;01:15;20,31428
13.12.2017;01:30;20,538
13.12.2017;01:45;20,65625
13.12.2017;02:00;20,33842
13.12.2017;02:15;20,36633
13.12.2017;02:30;20,24375
13.12.2017;02:45;20,28323
13.12.2017;03:00;20,38369
13.12.2017;03:15;20,34696
13.12.2017;03:30;20,04162
13.12.2017;03:45;20,28763
13.12.2017;04:00;20,31245
13.12.2017;04:15;20,25008
13.12.2017;04:30;20,69674
13.12.2017;04:45;22,11853
13.12.2017;05:00;23,32933
13.12.2017;05:15;23,52932
13.12.2017;05:30;24,14129
13.12.2017;05:45;24,97888
13.12.2017;06:00;26,70311
13.12.2017;06:15;28,07713
13.12.2017;06:30;28,46806
13.12.2017;06:45;34,60611
13.12.2017;07:00;46,37539
13.12.2017;07:15;58,03748
13.12.2017;07:30;58,67167
13.12.2017;07:45;60,74915
13.12.2017;08:00;66,82564
13.12.2017;08:15;72,49361
13.12.2017;08:30;75,34807
13.12.2017;08:45;76,78051
13.12.2017;09:00;77,14422
13.12.2017;09:15;78,88117
13.12.2017;09:30;78,87854
13.12.2017;09:45;80,26974
13.12.2017;10:00;79,9759
13.12.2017;10:15;81,3293
13.12.2017;10:30;83,91486
13.12.2017;10:45;83,05456
13.12.2017;11:00;81,6411
13.12.2017;11:15;80,46789
13.12.2017;11:30;80,56707
13.12.2017;11:45;80,73816
13.12.2017;12:00;81,43668
13.12.2017;12:15;80,14278
13.12.2017;12:30;77,56405
13.12.2017;12:45;76,6482
13.12.2017;13:00;76,46504
13.12.2017;13:15;75,43494
13.12.2017;13:30;74,56882
13.12.2017;13:45;71,68871
13.12.2017;14:00;71,44639
13.12.2017;14:15;69,67649
13.12.2017;14:30;70,31893
13.12.2017;14:45;68,52045
13.12.2017;15:00;67,17187
13.12.2017;15:15;64,68249
13.12.2017;15:30;59,48014
13.12.2017;15:45;53,69254
13.12.2017;16:00;49,65656
13.12.2017;16:15;40,06005
13.12.2017;16:30;37,37159
13.12.2017;16:45;35,5912
13.12.2017;17:00;35,80895
13.12.2017;17:15;33,1969
13.12.2017;17:30;29,92417
13.12.2017;17:45;28,4463
13.12.2017;18:00;25,13102
13.12.2017;18:15;24,14992
13.12.2017;18:30;22,61116
13.12.2017;18:45;21,46512
13.12.2017;19:00;20,7842
13.12.2017;19:15;20,22994
13.12.2017;19:30;19,88084
13.12.2017;19:45;19,84503
13.12.2017;20:00;19,97049
13.12.2017;20:15;19,56657
13.12.2017;20:30;19,50079
13.12.2017;20:45;19,78768
13.12.2017;21:00;19,87649
13.12.2017;21:15;20,01948
13.12.2017;21:30;20,25816
13.12.2017;21:45;20,45647
13.12.2017;22:00;20,52797
13.12.2017;22:15;20,48944
13.12.2017;22:30;20,13237
13.12.2017;22:45;20,29753
13.12.2017;23:00;20,19303
13.12.2017;23:15;20,3997
13.12.2017;23:30;20,50089
13.12.2017;23:45;20,55984
14.12.2017;00:00;20,58865
14.12.2017;00:15;20,64485
14.12.2017;00:30;20,55658
14.12.2017;00:45;20,38932
14.12.2017;01:00;20,27532
14.12.2017;01:15;20,26116
14.12.2017;01:30;20,29529
14.12.2017;01:45;20,27311
14.12.2017;02:00;20,21082
14.12.2017;02:15;20,56418
14.12.2017;02:30;20,19832
14.12.2017;02:45;20,00709
14.12.2017;03:00;20,00494
14.12.2017;03:15;20,20929
14.12.2017;03:30;20,25382
14.12.2017;03:45;20,12217
14.12.2017;04:00;20,07536
14.12.2017;04:15;20,18661
14.12.2017;04:30;20,88058
14.12.2017;04:45;22,03824
14.12.2017;05:00;23,66014
14.12.2017;05:15;25,2596
14.12.2017;05:30;25,97912
14.12.2017;05:45;25,49109
14.12.2017;06:00;26,54121
14.12.2017;06:15;28,61653
14.12.2017;06:30;30,49683
14.12.2017;06:45;34,68378
14.12.2017;07:00;45,41055
14.12.2017;07:15;64,20071
14.12.2017;07:30;64,83768
14.12.2017;07:45;67,69381
14.12.2017;08:00;71,33393
14.12.2017;08:15;73,85584
14.12.2017;08:30;78,32782
14.12.2017;08:45;79,46373
14.12.2017;09:00;80,60099
14.12.2017;09:15;79,7285
14.12.2017;09:30;80,16812
14.12.2017;09:45;80,38196
14.12.2017;10:00;80,09618
14.12.2017;10:15;81,60913
14.12.2017;10:30;83,72649
14.12.2017;10:45;84,28246
14.12.2017;11:00;83,08407
14.12.2017;11:15;81,15584
14.12.2017;11:30;80,61574
14.12.2017;11:45;78,64199
14.12.2017;12:00;77,50814
14.12.2017;12:15;75,57919
14.12.2017;12:30;75,42555
14.12.2017;12:45;75,65733
14.12.2017;13:00;73,2255
14.12.2017;13:15;72,78049
14.12.2017;13:30;69,71403
14.12.2017;13:45;69,79636
14.12.2017;14:00;68,64828
14.12.2017;14:15;68,69185
14.12.2017;14:30;67,27477
14.12.2017;14:45;66,52391
14.12.2017;15:00;63,87354
14.12.2017;15:15;62,43637
14.12.2017;15:30;57,36145
14.12.2017;15:45;50,80182
14.12.2017;16:00;50,43854
14.12.2017;16:15;39,28319
14.12.2017;16:30;38,44586
14.12.2017;16:45;37,25121
14.12.2017;17:00;36,50231
14.12.2017;17:15;34,43752
14.12.2017;17:30;31,78108
14.12.2017;17:45;28,69883
14.12.2017;18:00;26,64724
14.12.2017;18:15;25,94075
14.12.2017;18:30;24,37679
14.12.2017;18:45;23,14899
14.12.2017;19:00;21,83806
14.12.2017;19:15;20,43483
14.12.2017;19:30;20,03423
14.12.2017;19:45;20,01569
14.12.2017;20:00;20,3261
14.12.2017;20:15;19,90877
14.12.2017;20:30;19,72187
14.12.2017;20:45;20,13029
14.12.2017;21:00;20,1705
14.12.2017;21:15;20,34581
14.12.2017;21:30;20,50746
14.12.2017;21:45;20,34893
14.12.2017;22:00;20,48959
14.12.2017;22:15;20,47484
14.12.2017;22:30;20,04437
14.12.2017;22:45;20,1396
14.12.2017;23:00;20,1645
14.12.2017;23:15;20,36581
14.12.2017;23:30;20,47973
14.12.2017;23:45;20,27686
15.12.2017;00:00;20,22086
15.12.2017;00:15;20,34127
15.12.2017;00:30;20,31076
15.12.2017;00:45;20,09628
15.12.2017;01:00;19,89749
15.12.2017;01:15;19,83303
15.12.2017;01:30;20,08939
15.12.2017;01:45;20,27073
15.12.2017;02:00;20,23506
15.12.2017;02:15;20,13785
15.12.2017;02:30;19,90809
15.12.2017;02:45;19,99882
15.12.2017;03:00;20,08726
15.12.2017;03:15;20,11725
15.12.2017;03:30;20,02728
15.12.2017;03:45;20,15212
15.12.2017;04:00;20,39931
15.12.2017;04:15;20,36256
15.12.2017;04:30;20,78885
15.12.2017;04:45;21,78886
15.12.2017;05:00;22,69166
15.12.2017;05:15;23,31236
15.12.2017;05:30;23,58893
15.12.2017;05:45;25,73935
15.12.2017;06:00;32,12615
15.12.2017;06:15;31,32974
15.12.2017;06:30;30,50049
15.12.2017;06:45;34,0423
15.12.2017;07:00;43,867
15.12.2017;07:15;53,29246
15.12.2017;07:30;59,54225
15.12.2017;07:45;64,31541
15.12.2017;08:00;64,95273
15.12.2017;08:15;71,66293
15.12.2017;08:30;72,47198
15.12.2017;08:45;77,31673
15.12.2017;09:00;77,00755
15.12.2017;09:15;80,16456
15.12.2017;09:30;80,81616
15.12.2017;09:45;82,04185
15.12.2017;10:00;81,13065
15.12.2017;10:15;82,9786
15.12.2017;10:30;82,43086
15.12.2017;10:45;82,12771
15.12.2017;11:00;79,28335
15.12.2017;11:15;76,66593
15.12.2017;11:30;75,56354
15.12.2017;11:45;73,9645
15.12.2017;12:00;73,89837
15.12.2017;12:15;73,92228
15.12.2017;12:30;76,20422
15.12.2017;12:45;74,01356
15.12.2017;13:00;72,55409
15.12.2017;13:15;71,08813
15.12.2017;13:30;68,95675
15.12.2017;13:45;67,4938
15.12.2017;14:00;66,30942
15.12.2017;14:15;65,44343
15.12.2017;14:30;64,93779
15.12.2017;14:45;64,19964
15.12.2017;15:00;62,42722
15.12.2017;15:15;62,79544
15.12.2017;15:30;56,36583
15.12.2017;15:45;53,33685
15.12.2017;16:00;44,43402
15.12.2017;16:15;41,86063
15.12.2017;16:30;36,30311
15.12.2017;16:45;38,00748
15.12.2017;17:00;36,18245
15.12.2017;17:15;35,35555
15.12.2017;17:30;31,71651
15.12.2017;17:45;29,5263
15.12.2017;18:00;26,54161
15.12.2017;18:15;24,59019
15.12.2017;18:30;22,06914
15.12.2017;18:45;20,05474
15.12.2017;19:00;20,07862
15.12.2017;19:15;19,35437
15.12.2017;19:30;20,22537
15.12.2017;19:45;19,26684
15.12.2017;20:00;19,57943
15.12.2017;20:15;20,19755
15.12.2017;20:30;20,28121
15.12.2017;20:45;20,30054
15.12.2017;21:00;20,23473
15.12.2017;21:15;20,12915
15.12.2017;21:30;20,13971
15.12.2017;21:45;20,53348
15.12.2017;22:00;20,42189
15.12.2017;22:15;20,1946
15.12.2017;22:30;19,85788
15.12.2017;22:45;20,15423
15.12.2017;23:00;20,23128
15.12.2017;23:15;20,37785
15.12.2017;23:30;20,24678
15.12.2017;23:45;19,88327
16.12.2017;00:00;20,25754
16.12.2017;00:15;20,18551
16.12.2017;00:30;20,35973
16.12.2017;00:45;20,19442
16.12.2017;01:00;20,07488
16.12.2017;01:15;20,12629
16.12.2017;01:30;20,19753
16.12.2017;01:45;20,53206
16.12.2017;02:00;20,28541
16.12.2017;02:15;20,25908
16.12.2017;02:30;19,93443
16.12.2017;02:45;19,83381
16.12.2017;03:00;20,01767
16.12.2017;03:15;20,14236
16.12.2017;03:30;20,17138
16.12.2017;03:45;19,94784
16.12.2017;04:00;20,01098
16.12.2017;04:15;20,20039
16.12.2017;04:30;20,38276
16.12.2017;04:45;20,37536
16.12.2017;05:00;20,95701
16.12.2017;05:15;21,57443
16.12.2017;05:30;20,75821
16.12.2017;05:45;20,51145
16.12.2017;06:00;19,82047
16.12.2017;06:15;21,49181
16.12.2017;06:30;21,24728
16.12.2017;06:45;21,13253
16.12.2017;07:00;21,36177
16.12.2017;07:15;19,79681
16.12.2017;07:30;20,6004
16.12.2017;07:45;21,60461
16.12.2017;08:00;22,64373
16.12.2017;08:15;22,60321
16.12.2017;08:30;17,90613
16.12.2017;08:45;16,25576
16.12.2017;09:00;16,29693
16.12.2017;09:15;15,38981
16.12.2017;09:30;15,89476
16.12.2017;09:45;15,43571
16.12.2017;10:00;15,1211
16.12.2017;10:15;15,90315
16.12.2017;10:30;15,71119
16.12.2017;10:45;15,59637
16.12.2017;11:00;15,24554
16.12.2017;11:15;15,1485
16.12.2017;11:30;15,6674
16.12.2017;11:45;15,39158
16.12.2017;12:00;15,85569
16.12.2017;12:15;15,46932
16.12.2017;12:30;15,90474
16.12.2017;12:45;16,41068
16.12.2017;13:00;16,72848
16.12.2017;13:15;16,5021
16.12.2017;13:30;15,63132
16.12.2017;13:45;15,60551
16.12.2017;14:00;15,81997
16.12.2017;14:15;16,02036
16.12.2017;14:30;14,89985
16.12.2017;14:45;15,39337
16.12.2017;15:00;14,95874
16.12.2017;15:15;16,50213
16.12.2017;15:30;16,14371
16.12.2017;15:45;17,51683
16.12.2017;16:00;15,65548
16.12.2017;16:15;15,01709
16.12.2017;16:30;16,3147
16.12.2017;16:45;16,78504
16.12.2017;17:00;19,48875
16.12.2017;17:15;19,7153
16.12.2017;17:30;20,15716
16.12.2017;17:45;20,90878
16.12.2017;18:00;20,17814
16.12.2017;18:15;19,93175
16.12.2017;18:30;19,20122
16.12.2017;18:45;19,07502
16.12.2017;19:00;19,04015
16.12.2017;19:15;19,26297
16.12.2017;19:30;19,19755
16.12.2017;19:45;18,97216
16.12.2017;20:00;19,17744
16.12.2017;20:15;19,88001
16.12.2017;20:30;19,77495
16.12.2017;20:45;19,80174
16.12.2017;21:00;19,72571
16.12.2017;21:15;19,7094
16.12.2017;21:30;20,3474
16.12.2017;21:45;20,60417
16.12.2017;22:00;20,49101
16.12.2017;22:15;20,22134
16.12.2017;22:30;19,97192
16.12.2017;22:45;20,28184
16.12.2017;23:00;20,19008
16.12.2017;23:15;20,02659
16.12.2017;23:30;20,04326
16.12.2017;23:45;19,98258
17.12.2017;00:00;20,25405
17.12.2017;00:15;20,16981
17.12.2017;00:30;20,07903
17.12.2017;00:45;19,90254
17.12.2017;01:00;19,96558
17.12.2017;01:15;20,0732
17.12.2017;01:30;20,3444
17.12.2017;01:45;20,19926
17.12.2017;02:00;19,97953
17.12.2017;02:15;20,1329
17.12.2017;02:30;19,93308
17.12.2017;02:45;20,1459
17.12.2017;03:00;20,14954
17.12.2017;03:15;20,12367
17.12.2017;03:30;20,0096
17.12.2017;03:45;20,11352
17.12.2017;04:00;20,08876
17.12.2017;04:15;19,85225
17.12.2017;04:30;19,96344
17.12.2017;04:45;20,63742
17.12.2017;05:00;20,65477
17.12.2017;05:15;20,4162
17.12.2017;05:30;19,76567
17.12.2017;05:45;20,81322
17.12.2017;06:00;20,66701
17.12.2017;06:15;20,83514
17.12.2017;06:30;20,5864
17.12.2017;06:45;20,67146
17.12.2017;07:00;20,31147
17.12.2017;07:15;20,76929
17.12.2017;07:30;20,48308
17.12.2017;07:45;20,4375
17.12.2017;08:00;21,04759
17.12.2017;08:15;19,50441
17.12.2017;08:30;17,86442
17.12.2017;08:45;16,16134
17.12.2017;09:00;15,63159
17.12.2017;09:15;14,76492
17.12.2017;09:30;16,75913
17.12.2017;09:45;16,1579
17.12.2017;10:00;15,01865
17.12.2017;10:15;14,95531
17.12.2017;10:30;14,19775
17.12.2017;10:45;15,45129
17.12.2017;11:00;15,49786
17.12.2017;11:15;15,37289
17.12.2017;11:30;15,69373
17.12.2017;11:45;14,96903
17.12.2017;12:00;15,35665
17.12.2017;12:15;15,81981
17.12.2017;12:30;18,15052
17.12.2017;12:45;15,64231
17.12.2017;13:00;15,49219
17.12.2017;13:15;15,85161
17.12.2017;13:30;16,77106
17.12.2017;13:45;16,69436
17.12.2017;14:00;16,47111
17.12.2017;14:15;15,13642
17.12.2017;14:30;14,71193
17.12.2017;14:45;14,78206
17.12.2017;15:00;14,4999
17.12.2017;15:15;15,63616
17.12.2017;15:30;13,66902
17.12.2017;15:45;16,94174
17.12.2017;16:00;16,0463
17.12.2017;16:15;14,80252
17.12.2017;16:30;14,76087
17.12.2017;16:45;16,34029
17.12.2017;17:00;18,19742
17.12.2017;17:15;18,82696
17.12.2017;17:30;19,83223
17.12.2017;17:45;19,98895
17.12.2017;18:00;19,80422
17.12.2017;18:15;19,70829
17.12.2017;18:30;19,25238
17.12.2017;18:45;19,08333
17.12.2017;19:00;18,86724
17.12.2017;19:15;18,98066
17.12.2017;19:30;18,9401
17.12.2017;19:45;19,0984
17.12.2017;20:00;19,49795
17.12.2017;20:15;18,57308
17.12.2017;20:30;18,78103
17.12.2017;20:45;19,05844
17.12.2017;21:00;19,41851
17.12.2017;21:15;19,61421
17.12.2017;21:30;19,64902
17.12.2017;21:45;19,90985
17.12.2017;22:00;19,8177
17.12.2017;22:15;19,92018
17.12.2017;22:30;19,79465
17.12.2017;22:45;19,72269
17.12.2017;23:00;19,6467
17.12.2017;23:15;20,04596
17.12.2017;23:30;20,09412
17.12.2017;23:45;20,03813
18.12.2017;00:00;19,9462
18.12.2017;00:15;19,82205
18.12.2017;00:30;19,94382
18.12.2017;00:45;19,9916
18.12.2017;01:00;20,14207
18.12.2017;01:15;20,19761
18.12.2017;01:30;20,18355
18.12.2017;01:45;20,13057
18.12.2017;02:00;19,79686
18.12.2017;02:15;20,09204
18.12.2017;02:30;20,09656
18.12.2017;02:45;19,87653
18.12.2017;03:00;19,72209
18.12.2017;03:15;19,90852
18.12.2017;03:30;19,84936
18.12.2017;03:45;20,15144
18.12.2017;04:00;19,95688
18.12.2017;04:15;19,67354
18.12.2017;04:30;20,42065
18.12.2017;04:45;22,40654
18.12.2017;05:00;23,05372
18.12.2017;05:15;25,16437
18.12.2017;05:30;25,37735
18.12.2017;05:45;25,76103
18.12.2017;06:00;27,36497
18.12.2017;06:15;29,14266
18.12.2017;06:30;30,95152
18.12.2017;06:45;37,24557
18.12.2017;07:00;46,26163
18.12.2017;07:15;59,67307
18.12.2017;07:30;68,99994
18.12.2017;07:45;67,66422
18.12.2017;08:00;70,10405
18.12.2017;08:15;76,10385
18.12.2017;08:30;78,66082
18.12.2017;08:45;79,66007
18.12.2017;09:00;81,46353
18.12.2017;09:15;79,37291
18.12.2017;09:30;82,31696
18.12.2017;09:45;81,71891
18.12.2017;10:00;81,68774
18.12.2017;10:15;81,84408
18.12.2017;10:30;83,84619
18.12.2017;10:45;84,05683
18.12.2017;11:00;83,2565
18.12.2017;11:15;83,41061
18.12.2017;11:30;83,40958
18.12.2017;11:45;82,5147
18.12.2017;12:00;82,38258
18.12.2017;12:15;81,32929
18.12.2017;12:30;79,15818
18.12.2017;12:45;77,99166
18.12.2017;13:00;74,50599
18.12.2017;13:15;74,68955
18.12.2017;13:30;72,10605
18.12.2017;13:45;71,08682
18.12.2017;14:00;71,72816
18.12.2017;14:15;70,72764
18.12.2017;14:30;71,9634
18.12.2017;14:45;69,61722
18.12.2017;15:00;68,4129
18.12.2017;15:15;64,86468
18.12.2017;15:30;60,57801
18.12.2017;15:45;56,19446
18.12.2017;16:00;48,97103
18.12.2017;16:15;44,64657
18.12.2017;16:30;40,807
18.12.2017;16:45;40,44192
18.12.2017;17:00;39,2984
18.12.2017;17:15;37,02366
18.12.2017;17:30;34,31347
18.12.2017;17:45;31,11052
18.12.2017;18:00;29,61269
18.12.2017;18:15;29,14388
18.12.2017;18:30;27,68305
18.12.2017;18:45;26,86582
18.12.2017;19:00;25,42243
18.12.2017;19:15;22,7371
18.12.2017;19:30;22,71406
18.12.2017;19:45;22,8526
18.12.2017;20:00;23,16385
18.12.2017;20:15;21,10045
18.12.2017;20:30;20,95587
18.12.2017;20:45;21,40716
18.12.2017;21:00;21,1266
18.12.2017;21:15;21,00873
18.12.2017;21:30;20,68852
18.12.2017;21:45;20,60982
18.12.2017;22:00;21,06868
18.12.2017;22:15;20,7141
18.12.2017;22:30;20,53343
18.12.2017;22:45;20,5741
18.12.2017;23:00;20,70231
18.12.2017;23:15;20,74428
18.12.2017;23:30;20,67109
18.12.2017;23:45;20,322
19.12.2017;00:00;20,42665
19.12.2017;00:15;20,39182
19.12.2017;00:30;20,49455
19.12.2017;00:45;20,32039
19.12.2017;01:00;20,2961
19.12.2017;01:15;20,26958
19.12.2017;01:30;20,42457
19.12.2017;01:45;20,47983
19.12.2017;02:00;20,43135
19.12.2017;02:15;20,65492
19.12.2017;02:30;20,45394
19.12.2017;02:45;20,29054
19.12.2017;03:00;20,51144
19.12.2017;03:15;20,57358
19.12.2017;03:30;20,33527
19.12.2017;03:45;20,16704
19.12.2017;04:00;20,37186
19.12.2017;04:15;20,30678
19.12.2017;04:30;21,196
19.12.2017;04:45;22,80689
19.12.2017;05:00;25,29389
19.12.2017;05:15;26,90466
19.12.2017;05:30;26,84895
19.12.2017;05:45;27,17149
19.12.2017;06:00;27,35922
19.12.2017;06:15;30,21966
19.12.2017;06:30;31,93725
19.12.2017;06:45;35,29888
19.12.2017;07:00;41,92932
19.12.2017;07:15;57,42073
19.12.2017;07:30;65,30352
19.12.2017;07:45;66,75509
19.12.2017;08:00;68,08627
19.12.2017;08:15;75,0528
19.12.2017;08:30;77,4402
19.12.2017;08:45;80,24454
19.12.2017;09:00;80,43023
19.12.2017;09:15;81,85079
19.12.2017;09:30;83,72926
19.12.2017;09:45;84,64838
19.12.2017;10:00;86,07257
19.12.2017;10:15;85,35529
19.12.2017;10:30;85,20945
19.12.2017;10:45;84,80819
19.12.2017;11:00;83,07377
19.12.2017;11:15;81,41833
19.12.2017;11:30;81,59528
19.12.2017;11:45;81,146
19.12.2017;12:00;82,63165
19.12.2017;12:15;82,56783
19.12.2017;12:30;82,06548
19.12.2017;12:45;82,38886
19.12.2017;13:00;79,26539
19.12.2017;13:15;79,25776
19.12.2017;13:30;76,81332
19.12.2017;13:45;75,53886
19.12.2017;14:00;74,04049
19.12.2017;14:15;72,40562
19.12.2017;14:30;70,9508
19.12.2017;14:45;69,78572
19.12.2017;15:00;67,49644
19.12.2017;15:15;64,41513
19.12.2017;15:30;56,95896
19.12.2017;15:45;54,45078
19.12.2017;16:00;42,54668
19.12.2017;16:15;41,73325
19.12.2017;16:30;38,02049
19.12.2017;16:45;38,53806
19.12.2017;17:00;38,53231
19.12.2017;17:15;33,91476
19.12.2017;17:30;31,93325
19.12.2017;17:45;28,85129
19.12.2017;18:00;27,67796
19.12.2017;18:15;26,80611
19.12.2017;18:30;25,63164
19.12.2017;18:45;24,25575
19.12.2017;19:00;23,04872
19.12.2017;19:15;21,73225
19.12.2017;19:30;21,18182
19.12.2017;19:45;21,47636
19.12.2017;20:00;21,59347
19.12.2017;20:15;20,19933
19.12.2017;20:30;20,12011
19.12.2017;20:45;20,46504
19.12.2017;21:00;20,40511
19.12.2017;21:15;20,46642
19.12.2017;21:30;20,38971
19.12.2017;21:45;20,40275
19.12.2017;22:00;20,97027
19.12.2017;22:15;20,49051
19.12.2017;22:30;20,2347
19.12.2017;22:45;20,40183
19.12.2017;23:00;20,56129
19.12.2017;23:15;20,56885
19.12.2017;23:30;20,54374
19.12.2017;23:45;20,51545
20.12.2017;00:00;20,3501
20.12.2017;00:15;20,7158
20.12.2017;00:30;20,61772
20.12.2017;00:45;20,48041
20.12.2017;01:00;20,26783
20.12.2017;01:15;20,31428
20.12.2017;01:30;20,538
20.12.2017;01:45;20,65625
20.12.2017;02:00;20,33842
20.12.2017;02:15;20,36633
20.12.2017;02:30;20,24375
20.12.2017;02:45;20,28323
20.12.2017;03:00;20,38369
20.12.2017;03:15;20,34696
20.12.2017;03:30;20,04162
20.12.2017;03:45;20,28763
20.12.2017;04:00;20,31245
20.12.2017;04:15;20,25008
20.12.2017;04:30;20,69674
20.12.2017;04:45;22,11853
20.12.2017;05:00;23,32933
20.12.2017;05:15;23,52932
20.12.2017;05:30;24,14129
20.12.2017;05:45;24,97888
20.12.2017;06:00;26,70311
20.12.2017;06:15;28,07713
20.12.2017;06:30;28,46806
20.12.2017;06:45;34,60611
20.12.2017;07:00;46,37539
20.12.2017;07:15;58,03748
20.12.2017;07:30;58,67167
20.12.2017;07:45;60,74915
20.12.2017;08:00;66,82564
20.12.2017;08:15;72,49361
20.12.2017;08:30;75,34807
20.12.2017;08:45;76,78051
20.12.2017;09:00;77,14422
20.12.2017;09:15;78,88117
20.12.2017;09:30;78,87854
20.12.2017;09:45;80,26974
20.12.2017;10:00;79,9759
20.12.2017;10:15;81,3293
20.12.2017;10:30;83,91486
20.12.2017;10:45;83,05456
20.12.2017;11:00;81,6411
20.12.2017;11:15;80,46789
20.12.2017;11:30;80,56707
20.12.2017;11:45;80,73816
20.12.2017;12:00;81,43668
20.12.2017;12:15;80,14278
20.12.2017;12:30;77,56405
20.12.2017;12:45;76,6482
20.12.2017;13:00;76,46504
20.12.2017;13:15;75,43494
20.12.2017;13:30;74,56882
20.12.2017;13:45;71,68871
20.12.2017;14:00;71,44639
20.12.2017;14:15;69,67649
20.12.2017;14:30;70,31893
20.12.2017;14:45;68,52045
20.12.2017;15:00;67,17187
20.12.2017;15:15;64,68249
20.12.2017;15:30;59,48014
20.12.2017;15:45;53,69254
20.12.2017;16:00;49,65656
20.12.2017;16:15;40,06005
20.12.2017;16:30;37,37159
20.12.2017;16:45;35,5912
20.12.2017;17:00;35,80895
20.12.2017;17:15;33,1969
20.12.2017;17:30;29,92417
20.12.2017;17:45;28,4463
20.12.2017;18:00;25,13102
20.12.2017;18:15;24,14992
20.12.2017;18:30;22,61116
20.12.2017;18:45;21,46512
20.12.2017;19:00;20,7842
20.12.2017;19:15;20,22994
20.12.2017;19:30;19,88084
20.12.2017;19:45;19,84503
20.12.2017;20:00;19,97049
20.12.2017;20:15;19,56657
20.12.2017;20:30;19,50079
20.12.2017;20:45;19,78768
20.12.2017;21:00;19,87649
20.12.2017;21:15;20,01948
20.12.2017;21:30;20,25816
20.12.2017;21:45;20,45647
20.12.2017;22:00;20,52797
20.12.2017;22:15;20,48944
20.12.2017;22:30;20,13237
20.12.2017;22:45;20,29753
20.12.2017;23:00;20,19303
20.12.2017;23:15;20,3997
20.12.2017;23:30;20,50089
20.12.2017;23:45;20,55984
21.12.2017;00:00;20,58865
21.12.2017;00:15;20,64485
21.12.2017;00:30;20,55658
21.12.2017;00:45;20,38932
21.12.2017;01:00;20,27532
21.12.2017;01:15;20,26116
21.12.2017;01:30;20,29529
21.12.2017;01:45;20,27311
21.12.2017;02:00;20,21082
21.12.2017;02:15;20,56418
21.12.2017;02:30;20,19832
21.12.2017;02:45;20,00709
21.12.2017;03:00;20,00494
21.12.2017;03:15;20,20929
21.12.2017;03:30;20,25382
21.12.2017;03:45;20,12217
21.12.2017;04:00;20,07536
21.12.2017;04:15;20,18661
21.12.2017;04:30;20,88058
21.12.2017;04:45;22,03824
21.12.2017;05:00;23,66014
21.12.2017;05:15;25,2596
21.12.2017;05:30;25,97912
21.12.2017;05:45;25,49109
21.12.2017;06:00;26,54121
21.12.2017;06:15;28,61653
21.12.2017;06:30;30,49683
21.12.2017;06:45;34,68378
21.12.2017;07:00;45,41055
21.12.2017;07:15;64,20071
21.12.2017;07:30;64,83768
21.12.2017;07:45;67,69381
21.12.2017;08:00;71,33393
21.12.2017;08:15;73,85584
21.12.2017;08:30;78,32782
21.12.2017;08:45;79,46373
21.12.2017;09:00;80,60099
21.12.2017;09:15;79,7285
21.12.2017;09:30;80,16812
21.12.2017;09:45;80,38196
21.12.2017;10:00;80,09618
21.12.2017;10:15;81,60913
21.12.2017;10:30;83,72649
21.12.2017;10:45;84,28246
21.12.2017;11:00;83,08407
21.12.2017;11:15;81,15584
21.12.2017;11:30;80,61574
21.12.2017;11:45;78,64199
21.12.2017;12:00;77,50814
21.12.2017;12:15;75,57919
21.12.2017;12:30;75,42555
21.12.2017;12:45;75,65733
21.12.2017;13:00;73,2255
21.12.2017;13:15;72,78049
21.12.2017;13:30;69,71403
21.12.2017;13:45;69,79636
21.12.2017;14:00;68,64828
21.12.2017;14:15;68,69185
21.12.2017;14:30;67,27477
21.12.2017;14:45;66,52391
21.12.2017;15:00;63,87354
21.12.2017;15:15;62,43637
21.12.2017;15:30;57,36145
21.12.2017;15:45;50,80182
21.12.2017;16:00;50,43854
21.12.2017;16:15;39,28319
21.12.2017;16:30;38,44586
21.12.2017;16:45;37,25121
21.12.2017;17:00;36,50231
21.12.2017;17:15;34,43752
21.12.2017;17:30;31,78108
21.12.2017;17:45;28,69883
21.12.2017;18:00;26,64724
21.12.2017;18:15;25,94075
21.12.2017;18:30;24,37679
21.12.2017;18:45;23,14899
21.12.2017;19:00;21,83806
21.12.2017;19:15;20,43483
21.12.2017;19:30;20,03423
21.12.2017;19:45;20,01569
21.12.2017;20:00;20,3261
21.12.2017;20:15;19,90877
21.12.2017;20:30;19,72187
21.12.2017;20:45;20,13029
21.12.2017;21:00;20,1705
21.12.2017;21:15;20,34581
21.12.2017;21:30;20,50746
21.12.2017;21:45;20,34893
21.12.2017;22:00;20,48959
21.12.2017;22:15;20,47484
21.12.2017;22:30;20,04437
21.12.2017;22:45;20,1396
21.12.2017;23:00;20,1645
21.12.2017;23:15;20,36581
21.12.2017;23:30;20,47973
21.12.2017;23:45;20,27686
22.12.2017;00:00;20,22086
22.12.2017;00:15;20,34127
22.12.2017;00:30;20,31076
22.12.2017;00:45;20,09628
22.12.2017;01:00;19,89749
22.12.2017;01:15;19,83303
22.12.2017;01:30;20,08939
22.12.2017;01:45;20,27073
22.12.2017;02:00;20,23506
22.12.2017;02:15;20,13785
22.12.2017;02:30;19,90809
22.12.2017;02:45;19,99882
22.12.2017;03:00;20,08726
22.12.2017;03:15;20,11725
22.12.2017;03:30;20,02728
22.12.2017;03:45;20,15212
22.12.2017;04:00;20,39931
22.12.2017;04:15;20,36256
22.12.2017;04:30;20,78885
22.12.2017;04:45;21,78886
22.12.2017;05:00;22,69166
22.12.2017;05:15;23,31236
22.12.2017;05:30;23,58893
22.12.2017;05:45;25,73935
22.12.2017;06:00;32,12615
22.12.2017;06:15;31,32974
22.12.2017;06:30;30,50049
22.12.2017;06:45;34,0423
22.12.2017;07:00;43,867
22.12.2017;07:15;53,29246
22.12.2017;07:30;59,54225
22.12.2017;07:45;64,31541
22.12.2017;08:00;64,95273
22.12.2017;08:15;71,66293
22.12.2017;08:30;72,47198
22.12.2017;08:45;77,31673
22.12.2017;09:00;77,00755
22.12.2017;09:15;80,16456
22.12.2017;09:30;80,81616
22.12.2017;09:45;82,04185
22.12.2017;10:00;81,13065
22.12.2017;10:15;82,9786
22.12.2017;10:30;82,43086
22.12.2017;10:45;82,12771
22.12.2017;11:00;79,28335
22.12.2017;11:15;76,66593
22.12.2017;11:30;75,56354
22.12.2017;11:45;73,9645
22.12.2017;12:00;73,89837
22.12.2017;12:15;73,92228
22.12.2017;12:30;76,20422
22.12.2017;12:45;74,01356
22.12.2017;13:00;72,55409
22.12.2017;13:15;71,08813
22.12.2017;13:30;68,95675
22.12.2017;13:45;67,4938
22.12.2017;14:00;66,30942
22.12.2017;14:15;65,44343
22.12.2017;14:30;64,93779
22.12.2017;14:45;64,19964
22.12.2017;15:00;62,42722
22.12.2017;15:15;62,79544
22.12.2017;15:30;56,36583
22.12.2017;15:45;53,33685
22.12.2017;16:00;44,43402
22.12.2017;16:15;41,86063
22.12.2017;16:30;36,30311
22.12.2017;16:45;38,00748
22.12.2017;17:00;36,18245
22.12.2017;17:15;35,35555
22.12.2017;17:30;31,71651
22.12.2017;17:45;29,5263
22.12.2017;18:00;26,54161
22.12.2017;18:15;24,59019
22.12.2017;18:30;22,06914
22.12.2017;18:45;20,05474
22.12.2017;19:00;20,07862
22.12.2017;19:15;19,35437
22.12.2017;19:30;20,22537
22.12.2017;19:45;19,26684
22.12.2017;20:00;19,57943
22.12.2017;20:15;20,19755
22.12.2017;20:30;20,28121
22.12.2017;20:45;20,30054
22.12.2017;21:00;20,23473
22.12.2017;21:15;20,12915
22.12.2017;21:30;20,13971
22.12.2017;21:45;20,53348
22.12.2017;22:00;20,42189
22.12.2017;22:15;20,1946
22.12.2017;22:30;19,85788
22.12.2017;22:45;20,15423
22.12.2017;23:00;20,23128
22.12.2017;23:15;20,37785
22.12.2017;23:30;20,24678
22.12.2017;23:45;19,88327
23.12.2017;00:00;20,25754
23.12.2017;00:15;20,18551
23.12.2017;00:30;20,35973
23.12.2017;00:45;20,19442
23.12.2017;01:00;20,07488
23.12.2017;01:15;20,12629
23.12.2017;01:30;20,19753
23.12.2017;01:45;20,53206
23.12.2017;02:00;20,28541
23.12.2017;02:15;20,25908
23.12.2017;02:30;19,93443
23.12.2017;02:45;19,83381
23.12.2017;03:00;20,01767
23.12.2017;03:15;20,14236
23.12.2017;03:30;20,17138
23.12.2017;03:45;19,94784
23.12.2017;04:00;20,01098
23.12.2017;04:15;20,20039
23.12.2017;04:30;20,38276
23.12.2017;04:45;20,37536
23.12.2017;05:00;20,95701
23.12.2017;05:15;21,57443
23.12.2017;05:30;20,75821
23.12.2017;05:45;20,51145
23.12.2017;06:00;19,82047
23.12.2017;06:15;21,49181
23.12.2017;06:30;21,24728
23.12.2017;06:45;21,13253
23.12.2017;07:00;21,36177
23.12.2017;07:15;19,79681
23.12.2017;07:30;20,6004
23.12.2017;07:45;21,60461
23.12.2017;08:00;22,64373
23.12.2017;08:15;22,60321
23.12.2017;08:30;17,90613
23.12.2017;08:45;16,25576
23.12.2017;09:00;16,29693
23.12.2017;09:15;15,38981
23.12.2017;09:30;15,89476
23.12.2017;09:45;15,43571
23.12.2017;10:00;15,1211
23.12.2017;10:15;15,90315
23.12.2017;10:30;15,71119
23.12.2017;10:45;15,59637
23.12.2017;11:00;15,24554
23.12.2017;11:15;15,1485
23.12.2017;11:30;15,6674
23.12.2017;11:45;15,39158
23.12.2017;12:00;15,85569
23.12.2017;12:15;15,46932
23.12.2017;12:30;15,90474
23.12.2017;12:45;16,41068
23.12.2017;13:00;16,72848
23.12.2017;13:15;16,5021
23.12.2017;13:30;15,63132
23.12.2017;13:45;15,60551
23.12.2017;14:00;15,81997
23.12.2017;14:15;16,02036
23.12.2017;14:30;14,89985
23.12.2017;14:45;15,39337
23.12.2017;15:00;14,95874
23.12.2017;15:15;16,50213
23.12.2017;15:30;16,14371
23.12.2017;15:45;17,51683
23.12.2017;16:00;15,65548
23.12.2017;16:15;15,01709
23.12.2017;16:30;16,3147
23.12.2017;16:45;16,78504
23.12.2017;17:00;19,48875
23.12.2017;17:15;19,7153
23.12.2017;17:30;20,15716
23.12.2017;17:45;20,90878
23.12.2017;18:00;20,17814
23.12.2017;18:15;19,93175
23.12.2017;18:30;19,20122
23.12.2017;18:45;19,07502
23.12.2017;19:00;19,04015
23.12.2017;19:15;19,26297
23.12.2017;19:30;19,19755
23.12.2017;19:45;18,97216
23.12.2017;20:00;19,17744
23.12.2017;20:15;19,88001
23.12.2017;20:30;19,77495
23.12.2017;20:45;19,80174
23.12.2017;21:00;19,72571
23.12.2017;21:15;19,7094
23.12.2017;21:30;20,3474
23.12.2017;21:45;20,60417
23.12.2017;22:00;20,49101
23.12.2017;22:15;20,22134
23.12.2017;22:30;19,97192
23.12.2017;22:45;20,28184
23.12.2017;23:00;20,19008
23.12.2017;23:15;20,02659
23.12.2017;23:30;20,04326
23.12.2017;23:45;19,98258
24.12.2017;00:00;20,25405
24.12.2017;00:15;20,16981
24.12.2017;00:30;20,07903
24.12.2017;00:45;19,90254
24.12.2017;01:00;19,96558
24.12.2017;01:15;20,0732
24.12.2017;01:30;20,3444
24.12.2017;01:45;20,19926
24.12.2017;02:00;19,97953
24.12.2017;02:15;20,1329
24.12.2017;02:30;19,93308
24.12.2017;02:45;20,1459
24.12.2017;03:00;20,14954
24.12.2017;03:15;20,12367
24.12.2017;03:30;20,0096
24.12.2017;03:45;20,11352
24.12.2017;04:00;20,08876
24.12.2017;04:15;19,85225
24.12.2017;04:30;19,96344
24.12.2017;04:45;20,63742
24.12.2017;05:00;20,65477
24.12.2017;05:15;20,4162
24.12.2017;05:30;19,76567
24.12.2017;05:45;20,81322
24.12.2017;06:00;20,66701
24.12.2017;06:15;20,83514
24.12.2017;06:30;20,5864
24.12.2017;06:45;20,67146
24.12.2017;07:00;20,31147
24.12.2017;07:15;20,76929
24.12.2017;07:30;20,48308
24.12.2017;07:45;20,4375
24.12.2017;08:00;21,04759
24.12.2017;08:15;19,50441
24.12.2017;08:30;17,86442
24.12.2017;08:45;16,16134
24.12.2017;09:00;15,63159
24.12.2017;09:15;14,76492
24.12.2017;09:30;16,75913
24.12.2017;09:45;16,1579
24.12.2017;10:00;15,01865
24.12.2017;10:15;14,95531
24.12.2017;10:30;14,19775
24.12.2017;10:45;15,45129
24.12.2017;11:00;15,49786
24.12.2017;11:15;15,37289
24.12.2017;11:30;15,69373
24.12.2017;11:45;14,96903
24.12.2017;12:00;15,35665
24.12.2017;12:15;15,81981
24.12.2017;12:30;18,15052
24.12.2017;12:45;15,64231
24.12.2017;13:00;15,49219
24.12.2017;13:15;15,85161
24.12.2017;13:30;16,77106
24.12.2017;13:45;16,69436
24.12.2017;14:00;16,47111
24.12.2017;14:15;15,13642
24.12.2017;14:30;14,71193
24.12.2017;14:45;14,78206
24.12.2017;15:00;14,4999
24.12.2017;15:15;15,63616
24.12.2017;15:30;13,66902
24.12.2017;15:45;16,94174
24.12.2017;16:00;16,0463
24.12.2017;16:15;14,80252
24.12.2017;16:30;14,76087
24.12.2017;16:45;16,34029
24.12.2017;17:00;18,19742
24.12.2017;17:15;18,82696
24.12.2017;17:30;19,83223
24.12.2017;17:45;19,98895
24.12.2017;18:00;19,80422
24.12.2017;18:15;19,70829
24.12.2017;18:30;19,25238
24.12.2017;18:45;19,08333
24.12.2017;19:00;18,86724
24.12.2017;19:15;18,98066
24.12.2017;19:30;18,9401
24.12.2017;19:45;19,0984
24.12.2017;20:00;19,49795
24.12.2017;20:15;18,57308
24.12.2017;20:30;18,78103
24.12.2017;20:45;19,05844
24.12.2017;21:00;19,41851
24.12.2017;21:15;19,61421
24.12.2017;21:30;19,64902
24.12.2017;21:45;19,90985
24.12.2017;22:00;19,8177
24.12.2017;22:15;19,92018
24.12.2017;22:30;19,79465
24.12.2017;22:45;19,72269
24.12.2017;23:00;19,6467
24.12.2017;23:15;20,04596
24.12.2017;23:30;20,09412
24.12.2017;23:45;20,03813
25.12.2017;00:00;20,25405
25.12.2017;00:15;20,16981
25.12.2017;00:30;20,07903
25.12.2017;00:45;19,90254
25.12.2017;01:00;19,96558
25.12.2017;01:15;20,0732
25.12.2017;01:30;20,3444
25.12.2017;01:45;20,19926
25.12.2017;02:00;19,97953
25.12.2017;02:15;20,1329
25.12.2017;02:30;19,93308
25.12.2017;02:45;20,1459
25.12.2017;03:00;20,14954
25.12.2017;03:15;20,12367
25.12.2017;03:30;20,0096
25.12.2017;03:45;20,11352
25.12.2017;04:00;20,08876
25.12.2017;04:15;19,85225
25.12.2017;04:30;19,96344
25.12.2017;04:45;20,63742
25.12.2017;05:00;20,65477
25.12.2017;05:15;20,4162
25.12.2017;05:30;19,76567
25.12.2017;05:45;20,81322
25.12.2017;06:00;20,66701
25.12.2017;06:15;20,83514
25.12.2017;06:30;20,5864
25.12.2017;06:45;20,67146
25.12.2017;07:00;20,31147
25.12.2017;07:15;20,76929
25.12.2017;07:30;20,48308
25.12.2017;07:45;20,4375
25.12.2017;08:00;21,04759
25.12.2017;08:15;19,50441
25.12.2017;08:30;17,86442
25.12.2017;08:45;16,16134
25.12.2017;09:00;15,63159
25.12.2017;09:15;14,76492
25.12.2017;09:30;16,75913
25.12.2017;09:45;16,1579
25.12.2017;10:00;15,01865
25.12.2017;10:15;14,95531
25.12.2017;10:30;14,19775
25.12.2017;10:45;15,45129
25.12.2017;11:00;15,49786
25.12.2017;11:15;15,37289
25.12.2017;11:30;15,69373
25.12.2017;11:45;14,96903
25.12.2017;12:00;15,35665
25.12.2017;12:15;15,81981
25.12.2017;12:30;18,15052
25.12.2017;12:45;15,64231
25.12.2017;13:00;15,49219
25.12.2017;13:15;15,85161
25.12.2017;13:30;16,77106
25.12.2017;13:45;16,69436
25.12.2017;14:00;16,47111
25.12.2017;14:15;15,13642
25.12.2017;14:30;14,71193
25.12.2017;14:45;14,78206
25.12.2017;15:00;14,4999
25.12.2017;15:15;15,63616
25.12.2017;15:30;13,66902
25.12.2017;15:45;16,94174
25.12.2017;16:00;16,0463
25.12.2017;16:15;14,80252
25.12.2017;16:30;14,76087
25.12.2017;16:45;16,34029
25.12.2017;17:00;18,19742
25.12.2017;17:15;18,82696
25.12.2017;17:30;19,83223
25.12.2017;17:45;19,98895
25.12.2017;18:00;19,80422
25.12.2017;18:15;19,70829
25.12.2017;18:30;19,25238
25.12.2017;18:45;19,08333
25.12.2017;19:00;18,86724
25.12.2017;19:15;18,98066
25.12.2017;19:30;18,9401
25.12.2017;19:45;19,0984
25.12.2017;20:00;19,49795
25.12.2017;20:15;18,57308
25.12.2017;20:30;18,78103
25.12.2017;20:45;19,05844
25.12.2017;21:00;19,41851
25.12.2017;21:15;19,61421
25.12.2017;21:30;19,64902
25.12.2017;21:45;19,90985
25.12.2017;22:00;19,8177
25.12.2017;22:15;19,92018
25.12.2017;22:30;19,79465
25.12.2017;22:45;19,72269
25.12.2017;23:00;19,6467
25.12.2017;23:15;20,04596
25.12.2017;23:30;20,09412
25.12.2017;23:45;20,03813
26.12.2017;00:00;20,25405
26.12.2017;00:15;20,16981
26.12.2017;00:30;20,07903
26.12.2017;00:45;19,90254
26.12.2017;01:00;19,96558
26.12.2017;01:15;20,0732
26.12.2017;01:30;20,3444
26.12.2017;01:45;20,19926
26.12.2017;02:00;19,97953
26.12.2017;02:15;20,1329
26.12.2017;02:30;19,93308
26.12.2017;02:45;20,1459
26.12.2017;03:00;20,14954
26.12.2017;03:15;20,12367
26.12.2017;03:30;20,0096
26.12.2017;03:45;20,11352
26.12.2017;04:00;20,08876
26.12.2017;04:15;19,85225
26.12.2017;04:30;19,96344
26.12.2017;04:45;20,63742
26.12.2017;05:00;20,65477
26.12.2017;05:15;20,4162
26.12.2017;05:30;19,76567
26.12.2017;05:45;20,81322
26.12.2017;06:00;20,66701
26.12.2017;06:15;20,83514
26.12.2017;06:30;20,5864
26.12.2017;06:45;20,67146
26.12.2017;07:00;20,31147
26.12.2017;07:15;20,76929
26.12.2017;07:30;20,48308
26.12.2017;07:45;20,4375
26.12.2017;08:00;21,04759
26.12.2017;08:15;19,50441
26.12.2017;08:30;17,86442
26.12.2017;08:45;16,16134
26.12.2017;09:00;15,63159
26.12.2017;09:15;14,76492
26.12.2017;09:30;16,75913
26.12.2017;09:45;16,1579
26.12.2017;10:00;15,01865
26.12.2017;10:15;14,95531
26.12.2017;10:30;14,19775
26.12.2017;10:45;15,45129
26.12.2017;11:00;15,49786
26.12.2017;11:15;15,37289
26.12.2017;11:30;15,69373
26.12.2017;11:45;14,96903
26.12.2017;12:00;15,35665
26.12.2017;12:15;15,81981
26.12.2017;12:30;18,15052
26.12.2017;12:45;15,64231
26.12.2017;13:00;15,49219
26.12.2017;13:15;15,85161
26.12.2017;13:30;16,77106
26.12.2017;13:45;16,69436
26.12.2017;14:00;16,47111
26.12.2017;14:15;15,13642
26.12.2017;14:30;14,71193
26.12.2017;14:45;14,78206
26.12.2017;15:00;14,4999
26.12.2017;15:15;15,63616
26.12.2017;15:30;13,66902
26.12.2017;15:45;16,94174
26.12.2017;16:00;16,0463
26.12.2017;16:15;14,80252
26.12.2017;16:30;14,76087
26.12.2017;16:45;16,34029
26.12.2017;17:00;18,19742
26.12.2017;17:15;18,82696
26.12.2017;17:30;19,83223
26.12.2017;17:45;19,98895
26.12.2017;18:00;19,80422
26.12.2017;18:15;19,70829
26.12.2017;18:30;19,25238
26.12.2017;18:45;19,08333
26.12.2017;19:00;18,86724
26.12.2017;19:15;18,98066
26.12.2017;19:30;18,9401
26.12.2017;19:45;19,0984
26.12.2017;20:00;19,49795
26.12.2017;20:15;18,57308
26.12.2017;20:30;18,78103
26.12.2017;20:45;19,05844
26.12.2017;21:00;19,41851
26.12.2017;21:15;19,61421
26.12.2017;21:30;19,64902
26.12.2017;21:45;19,90985
26.12.2017;22:00;19,8177
26.12.2017;22:15;19,92018
26.12.2017;22:30;19,79465
26.12.2017;22:45;19,72269
26.12.2017;23:00;19,6467
26.12.2017;23:15;20,04596
26.12.2017;23:30;20,09412
26.12.2017;23:45;20,03813
27.12.2017;00:00;20,3501
27.12.2017;00:15;20,7158
27.12.2017;00:30;20,61772
27.12.2017;00:45;20,48041
27.12.2017;01:00;20,26783
27.12.2017;01:15;20,31428
27.12.2017;01:30;20,538
27.12.2017;01:45;20,65625
27.12.2017;02:00;20,33842
27.12.2017;02:15;20,36633
27.12.2017;02:30;20,24375
27.12.2017;02:45;20,28323
27.12.2017;03:00;20,38369
27.12.2017;03:15;20,34696
27.12.2017;03:30;20,04162
27.12.2017;03:45;20,28763
27.12.2017;04:00;20,31245
27.12.2017;04:15;20,25008
27.12.2017;04:30;20,69674
27.12.2017;04:45;22,11853
27.12.2017;05:00;23,32933
27.12.2017;05:15;23,52932
27.12.2017;05:30;24,14129
27.12.2017;05:45;24,97888
27.12.2017;06:00;26,70311
27.12.2017;06:15;28,07713
27.12.2017;06:30;28,46806
27.12.2017;06:45;34,60611
27.12.2017;07:00;46,37539
27.12.2017;07:15;58,03748
27.12.2017;07:30;58,67167
27.12.2017;07:45;60,74915
27.12.2017;08:00;66,82564
27.12.2017;08:15;72,49361
27.12.2017;08:30;75,34807
27.12.2017;08:45;76,78051
27.12.2017;09:00;77,14422
27.12.2017;09:15;78,88117
27.12.2017;09:30;78,87854
27.12.2017;09:45;80,26974
27.12.2017;10:00;79,9759
27.12.2017;10:15;81,3293
27.12.2017;10:30;83,91486
27.12.2017;10:45;83,05456
27.12.2017;11:00;81,6411
27.12.2017;11:15;80,46789
27.12.2017;11:30;80,56707
27.12.2017;11:45;80,73816
27.12.2017;12:00;81,43668
27.12.2017;12:15;80,14278
27.12.2017;12:30;77,56405
27.12.2017;12:45;76,6482
27.12.2017;13:00;76,46504
27.12.2017;13:15;75,43494
27.12.2017;13:30;74,56882
27.12.2017;13:45;71,68871
27.12.2017;14:00;71,44639
27.12.2017;14:15;69,67649
27.12.2017;14:30;70,31893
27.12.2017;14:45;68,52045
27.12.2017;15:00;67,17187
27.12.2017;15:15;64,68249
27.12.2017;15:30;59,48014
27.12.2017;15:45;53,69254
27.12.2017;16:00;49,65656
27.12.2017;16:15;40,06005
27.12.2017;16:30;37,37159
27.12.2017;16:45;35,5912
27.12.2017;17:00;35,80895
27.12.2017;17:15;33,1969
27.12.2017;17:30;29,92417
27.12.2017;17:45;28,4463
27.12.2017;18:00;25,13102
27.12.2017;18:15;24,14992
27.12.2017;18:30;22,61116
27.12.2017;18:45;21,46512
27.12.2017;19:00;20,7842
27.12.2017;19:15;20,22994
27.12.2017;19:30;19,88084
27.12.2017;19:45;19,84503
27.12.2017;20:00;19,97049
27.12.2017;20:15;19,56657
27.12.2017;20:30;19,50079
27.12.2017;20:45;19,78768
27.12.2017;21:00;19,87649
27.12.2017;21:15;20,01948
27.12.2017;21:30;20,25816
27.12.2017;21:45;20,45647
27.12.2017;22:00;20,52797
27.12.2017;22:15;20,48944
27.12.2017;22:30;20,13237
27.12.2017;22:45;20,29753
27.12.2017;23:00;20,19303
27.12.2017;23:15;20,3997
27.12.2017;23:30;20,50089
27.12.2017;23:45;20,55984
28.12.2017;00:00;20,58865
28.12.2017;00:15;20,64485
28.12.2017;00:30;20,55658
28.12.2017;00:45;20,38932
28.12.2017;01:00;20,27532
28.12.2017;01:15;20,26116
28.12.2017;01:30;20,29529
28.12.2017;01:45;20,27311
28.12.2017;02:00;20,21082
28.12.2017;02:15;20,56418
28.12.2017;02:30;20,19832
28.12.2017;02:45;20,00709
28.12.2017;03:00;20,00494
28.12.2017;03:15;20,20929
28.12.2017;03:30;20,25382
28.12.2017;03:45;20,12217
28.12.2017;04:00;20,07536
28.12.2017;04:15;20,18661
28.12.2017;04:30;20,88058
28.12.2017;04:45;22,03824
28.12.2017;05:00;23,66014
28.12.2017;05:15;25,2596
28.12.2017;05:30;25,97912
28.12.2017;05:45;25,49109
28.12.2017;06:00;26,54121
28.12.2017;06:15;28,61653
28.12.2017;06:30;30,49683
28.12.2017;06:45;34,68378
28.12.2017;07:00;45,41055
28.12.2017;07:15;64,20071
28.12.2017;07:30;64,83768
28.12.2017;07:45;67,69381
28.12.2017;08:00;71,33393
28.12.2017;08:15;73,85584
28.12.2017;08:30;78,32782
28.12.2017;08:45;79,46373
28.12.2017;09:00;80,60099
28.12.2017;09:15;79,7285
28.12.2017;09:30;80,16812
28.12.2017;09:45;80,38196
28.12.2017;10:00;80,09618
28.12.2017;10:15;81,60913
28.12.2017;10:30;83,72649
28.12.2017;10:45;84,28246
28.12.2017;11:00;83,08407
28.12.2017;11:15;81,15584
28.12.2017;11:30;80,61574
28.12.2017;11:45;78,64199
28.12.2017;12:00;77,50814
28.12.2017;12:15;75,57919
28.12.2017;12:30;75,42555
28.12.2017;12:45;75,65733
28.12.2017;13:00;73,2255
28.12.2017;13:15;72,78049
28.12.2017;13:30;69,71403
28.12.2017;13:45;69,79636
28.12.2017;14:00;68,64828
28.12.2017;14:15;68,69185
28.12.2017;14:30;67,27477
28.12.2017;14:45;66,52391
28.12.2017;15:00;63,87354
28.12.2017;15:15;62,43637
28.12.2017;15:30;57,36145
28.12.2017;15:45;50,80182
28.12.2017;16:00;50,43854
28.12.2017;16:15;39,28319
28.12.2017;16:30;38,44586
28.12.2017;16:45;37,25121
28.12.2017;17:00;36,50231
28.12.2017;17:15;34,43752
28.12.2017;17:30;31,78108
28.12.2017;17:45;28,69883
28.12.2017;18:00;26,64724
28.12.2017;18:15;25,94075
28.12.2017;18:30;24,37679
28.12.2017;18:45;23,14899
28.12.2017;19:00;21,83806
28.12.2017;19:15;20,43483
28.12.2017;19:30;20,03423
28.12.2017;19:45;20,01569
28.12.2017;20:00;20,3261
28.12.2017;20:15;19,90877
28.12.2017;20:30;19,72187
28.12.2017;20:45;20,13029
28.12.2017;21:00;20,1705
28.12.2017;21:15;20,34581
28.12.2017;21:30;20,50746
28.12.2017;21:45;20,34893
28.12.2017;22:00;20,48959
28.12.2017;22:15;20,47484
28.12.2017;22:30;20,04437
28.12.2017;22:45;20,1396
28.12.2017;23:00;20,1645
28.12.2017;23:15;20,36581
28.12.2017;23:30;20,47973
28.12.2017;23:45;20,27686
29.12.2017;00:00;20,22086
29.12.2017;00:15;20,34127
29.12.2017;00:30;20,31076
29.12.2017;00:45;20,09628
29.12.2017;01:00;19,89749
29.12.2017;01:15;19,83303
29.12.2017;01:30;20,08939
29.12.2017;01:45;20,27073
29.12.2017;02:00;20,23506
29.12.2017;02:15;20,13785
29.12.2017;02:30;19,90809
29.12.2017;02:45;19,99882
29.12.2017;03:00;20,08726
29.12.2017;03:15;20,11725
29.12.2017;03:30;20,02728
29.12.2017;03:45;20,15212
29.12.2017;04:00;20,39931
29.12.2017;04:15;20,36256
29.12.2017;04:30;20,78885
29.12.2017;04:45;21,78886
29.12.2017;05:00;22,69166
29.12.2017;05:15;23,31236
29.12.2017;05:30;23,58893
29.12.2017;05:45;25,73935
29.12.2017;06:00;32,12615
29.12.2017;06:15;31,32974
29.12.2017;06:30;30,50049
29.12.2017;06:45;34,0423
29.12.2017;07:00;43,867
29.12.2017;07:15;53,29246
29.12.2017;07:30;59,54225
29.12.2017;07:45;64,31541
29.12.2017;08:00;64,95273
29.12.2017;08:15;71,66293
29.12.2017;08:30;72,47198
29.12.2017;08:45;77,31673
29.12.2017;09:00;77,00755
29.12.2017;09:15;80,16456
29.12.2017;09:30;80,81616
29.12.2017;09:45;82,04185
29.12.2017;10:00;81,13065
29.12.2017;10:15;82,9786
29.12.2017;10:30;82,43086
29.12.2017;10:45;82,12771
29.12.2017;11:00;79,28335
29.12.2017;11:15;76,66593
29.12.2017;11:30;75,56354
29.12.2017;11:45;73,9645
29.12.2017;12:00;73,89837
29.12.2017;12:15;73,92228
29.12.2017;12:30;76,20422
29.12.2017;12:45;74,01356
29.12.2017;13:00;72,55409
29.12.2017;13:15;71,08813
29.12.2017;13:30;68,95675
29.12.2017;13:45;67,4938
29.12.2017;14:00;66,30942
29.12.2017;14:15;65,44343
29.12.2017;14:30;64,93779
29.12.2017;14:45;64,19964
29.12.2017;15:00;62,42722
29.12.2017;15:15;62,79544
29.12.2017;15:30;56,36583
29.12.2017;15:45;53,33685
29.12.2017;16:00;44,43402
29.12.2017;16:15;41,86063
29.12.2017;16:30;36,30311
29.12.2017;16:45;38,00748
29.12.2017;17:00;36,18245
29.12.2017;17:15;35,35555
29.12.2017;17:30;31,71651
29.12.2017;17:45;29,5263
29.12.2017;18:00;26,54161
29.12.2017;18:15;24,59019
29.12.2017;18:30;22,06914
29.12.2017;18:45;20,05474
29.12.2017;19:00;20,07862
29.12.2017;19:15;19,35437
29.12.2017;19:30;20,22537
29.12.2017;19:45;19,26684
29.12.2017;20:00;19,57943
29.12.2017;20:15;20,19755
29.12.2017;20:30;20,28121
29.12.2017;20:45;20,30054
29.12.2017;21:00;20,23473
29.12.2017;21:15;20,12915
29.12.2017;21:30;20,13971
29.12.2017;21:45;20,53348
29.12.2017;22:00;20,42189
29.12.2017;22:15;20,1946
29.12.2017;22:30;19,85788
29.12.2017;22:45;20,15423
29.12.2017;23:00;20,23128
29.12.2017;23:15;20,37785
29.12.2017;23:30;20,24678
29.12.2017;23:45;19,88327
30.12.2017;00:00;20,25754
